time	mcs	nss	bw	rssi	throughput_monitor	datarate	pktlost_ack	nbpkt_monitor	retry	nbpkt_ack	pktlost_seq_initial	pktlost_seq_new	bad_fcs	distance	antenna	LoS
8.101754							49.0	0.0	0.0	1248.0	0.0	0.0	0.0	2	vertical	1
8.203275							15.0	0.0	0.0	1259.0	0.0	0.0	0.0	2	vertical	1
8.304978							18.0	0.0	0.0	1199.0	0.0	0.0	0.0	2	vertical	1
8.406135							11.0	0.0	0.0	1252.0	0.0	0.0	0.0	2	vertical	1
8.509567	9.0	3.0	80.0	-49.0	30416.2	1300.0	71.0	1.0	1.0	1133.0	0.0	0.0	0.0	2	vertical	1
8.610942							64.0	0.0	0.0	1155.0	0.0	0.0	0.0	2	vertical	1
8.711579	8.1	3.0	44.0	-46.3	312730.0	616.0	56.0	10.0	9.0	1145.0	1.0	1023.0	0.0	2	vertical	1
8.811723							19.0	0.0	0.0	1245.0	0.0	0.0	0.0	2	vertical	1
8.912009							46.0	0.0	0.0	1217.0	0.0	0.0	0.0	2	vertical	1
9.012341							59.0	0.0	0.0	1195.0	0.0	0.0	0.0	2	vertical	1
9.112663							50.0	0.0	0.0	1144.0	0.0	0.0	0.0	2	vertical	1
9.213036							81.0	0.0	0.0	1177.0	0.0	0.0	0.0	2	vertical	1
9.314718							37.0	0.0	0.0	1191.0	0.0	0.0	0.0	2	vertical	1
9.416407							81.0	0.0	0.0	1116.0	0.0	0.0	0.0	2	vertical	1
9.516958							31.0	0.0	0.0	1187.0	0.0	0.0	0.0	2	vertical	1
9.617445							34.0	0.0	0.0	1169.0	0.0	0.0	0.0	2	vertical	1
9.717895							70.0	0.0	0.0	1200.0	0.0	0.0	0.0	2	vertical	1
9.818088							26.0	0.0	0.0	1166.0	0.0	0.0	0.0	2	vertical	1
9.918191	8.0	3.0	40.0	-47.0	251420.0	540.0	52.0	8.0	0.0	1180.0	6.0	1865.0	0.0	2	vertical	1
10.018461							17.0	0.0	0.0	1162.0	0.0	0.0	0.0	2	vertical	1
10.118823							66.0	0.0	0.0	1204.0	0.0	0.0	0.0	2	vertical	1
10.219523	8.0	3.0	42.3529	-46.2353	531219.0	577.059	19.0	17.0	0.0	1216.0	6.0	3709.0	0.0	2	vertical	1
10.320229	8.0	3.0	40.0	-46.0	500074.0	540.0	29.0	16.0	0.0	1199.0	11.0	5315.0	0.0	2	vertical	1
10.422219	8.0	3.0	80.0	-49.0	30963.8	1170.0	6.0	1.0	0.0	1205.0	1.0	3309.0	0.0	2	vertical	1
10.522807	8.0	3.0	80.0	-50.0	31395.4	1170.0	70.0	1.0	0.0	1169.0	1.0	2126.0	0.0	2	vertical	1
10.623389							74.0	0.0	0.0	1149.0	0.0	0.0	0.0	2	vertical	1
10.723996							35.0	0.0	0.0	1206.0	0.0	0.0	0.0	2	vertical	1
10.825221	8.0	3.0	80.0	-50.0	31079.3	1170.0	62.0	1.0	0.0	1203.0	1.0	509.0	0.0	2	vertical	1
10.925369							56.0	0.0	0.0	1172.0	0.0	0.0	0.0	2	vertical	1
11.026482							18.0	0.0	0.0	1193.0	0.0	0.0	0.0	2	vertical	1
11.126778	8.0	3.0	80.0	-49.0	31366.9	1170.0	37.0	1.0	0.0	1180.0	1.0	2424.0	0.0	2	vertical	1
11.227020							14.0	0.0	0.0	1212.0	0.0	0.0	0.0	2	vertical	1
11.327506							27.0	0.0	0.0	1221.0	0.0	0.0	0.0	2	vertical	1
11.428271							22.0	0.0	0.0	1173.0	0.0	0.0	0.0	2	vertical	1
11.529131							26.0	0.0	0.0	1242.0	0.0	0.0	0.0	2	vertical	1
11.629392	9.0	3.0	80.0	-50.0	31378.1	1300.0	66.0	1.0	0.0	1172.0	1.0	3203.0	0.0	2	vertical	1
11.730734							82.0	0.0	0.0	1194.0	0.0	0.0	0.0	2	vertical	1
11.832060							35.0	0.0	0.0	1214.0	0.0	0.0	0.0	2	vertical	1
11.932431	8.0	3.0	80.0	-49.0	31463.4	1170.0	13.0	1.0	0.0	1247.0	1.0	2570.0	0.0	2	vertical	1
12.033315	8.0	3.0	80.0	-49.0	31184.2	1170.0	7.0	1.0	0.0	1258.0	1.0	1426.0	0.0	2	vertical	1
12.133338							26.0	0.0	0.0	1203.0	0.0	0.0	0.0	2	vertical	1
12.233495	8.0	3.0	80.0	-49.0	31410.5	1170.0	25.0	1.0	0.0	1234.0	1.0	2783.0	0.0	2	vertical	1
12.333735							5.0	0.0	0.0	1202.0	0.0	0.0	0.0	2	vertical	1
12.435247							39.0	0.0	0.0	1208.0	0.0	0.0	0.0	2	vertical	1
12.536082	8.0	3.0	80.0	-49.0	31318.5	1170.0	32.0	1.0	0.0	1175.0	1.0	3741.0	0.0	2	vertical	1
12.636683							17.0	0.0	0.0	1220.0	0.0	0.0	0.0	2	vertical	1
12.737956	8.0	3.0	80.0	-50.0	31183.0	1170.0	36.0	1.0	0.0	1196.0	1.0	2524.0	0.0	2	vertical	1
12.839542							12.0	0.0	0.0	1194.0	0.0	0.0	0.0	2	vertical	1
12.940276							28.0	0.0	0.0	1191.0	0.0	0.0	0.0	2	vertical	1
13.040661							34.0	0.0	0.0	1185.0	0.0	0.0	0.0	2	vertical	1
13.140950	8.0	3.0	80.0	-49.0	31369.4	1170.0	58.0	1.0	0.0	1186.0	1.0	261.0	0.0	2	vertical	1
13.241283							31.0	0.0	0.0	1195.0	0.0	0.0	0.0	2	vertical	1
13.341730							41.0	0.0	0.0	1194.0	0.0	0.0	0.0	2	vertical	1
13.442052							56.0	0.0	0.0	1158.0	0.0	0.0	0.0	2	vertical	1
13.542320							18.0	0.0	0.0	1263.0	0.0	0.0	0.0	2	vertical	1
13.643300							62.0	0.0	0.0	1170.0	0.0	0.0	0.0	2	vertical	1
13.744341	8.0	3.0	40.0	-47.0	186935.0	540.0	31.0	6.0	0.0	1128.0	5.0	3553.0	0.0	2	vertical	1
13.844617	9.0	3.0	80.0	-49.0	31373.3	1300.0	55.0	1.0	0.0	1158.0	1.0	2209.0	0.0	2	vertical	1
13.944909							56.0	0.0	0.0	1165.0	0.0	0.0	0.0	2	vertical	1
14.045563							3.0	0.0	0.0	1233.0	0.0	0.0	0.0	2	vertical	1
14.145732							23.0	0.0	0.0	1201.0	0.0	0.0	0.0	2	vertical	1
14.246833							4.0	0.0	0.0	1216.0	0.0	0.0	0.0	2	vertical	1
14.347382							24.0	0.0	0.0	1224.0	0.0	0.0	0.0	2	vertical	1
14.448963							26.0	0.0	0.0	1241.0	0.0	0.0	0.0	2	vertical	1
14.549652							63.0	0.0	0.0	1121.0	0.0	0.0	0.0	2	vertical	1
14.651042							54.0	0.0	0.0	1236.0	0.0	0.0	0.0	2	vertical	1
14.751795							33.0	0.0	0.0	1240.0	0.0	0.0	0.0	2	vertical	1
14.852230							96.0	0.0	0.0	1147.0	0.0	0.0	0.0	2	vertical	1
14.953428							44.0	0.0	0.0	1182.0	0.0	0.0	0.0	2	vertical	1
15.054043							52.0	0.0	0.0	1195.0	0.0	0.0	0.0	2	vertical	1
15.154203							61.0	0.0	0.0	1211.0	0.0	0.0	0.0	2	vertical	1
15.256002	8.0	3.0	40.0	-46.0	154521.0	540.0	40.0	5.0	0.0	1201.0	2.0	2866.0	0.0	2	vertical	1
15.357158							41.0	0.0	0.0	1194.0	0.0	0.0	0.0	2	vertical	1
15.458208							33.0	0.0	0.0	1223.0	0.0	0.0	0.0	2	vertical	1
15.558591							15.0	0.0	0.0	1255.0	0.0	0.0	0.0	2	vertical	1
15.660062							23.0	0.0	0.0	1203.0	0.0	0.0	0.0	2	vertical	1
15.761252	8.0	3.0	40.0	-46.0	62179.9	540.0	8.0	2.0	0.0	1234.0	1.0	1861.0	0.0	2	vertical	1
15.863537							51.0	0.0	0.0	1239.0	0.0	0.0	0.0	2	vertical	1
15.964314	8.0	3.0	40.0	-47.0	405946.0	540.0	21.0	13.0	0.0	1244.0	7.0	2870.0	0.0	2	vertical	1
16.064749							4.0	0.0	0.0	1288.0	0.0	0.0	0.0	2	vertical	1
16.164846							8.0	0.0	0.0	1238.0	0.0	0.0	0.0	2	vertical	1
16.266572	8.0	3.0	80.0	-50.0	31043.9	1170.0	42.0	1.0	0.0	1241.0	1.0	1109.0	0.0	2	vertical	1
16.366582							55.0	0.0	0.0	1145.0	0.0	0.0	0.0	2	vertical	1
16.467340							61.0	0.0	0.0	1197.0	0.0	0.0	0.0	2	vertical	1
16.567725	8.0	3.0	40.0	-46.0	470209.0	540.0	53.0	15.0	0.0	1176.0	6.0	6140.0	0.0	2	vertical	1
16.669365							10.0	0.0	0.0	1266.0	0.0	0.0	0.0	2	vertical	1
16.770319							33.0	0.0	0.0	1173.0	0.0	0.0	0.0	2	vertical	1
16.870649	9.0	3.0	80.0	-50.0	31476.2	1300.0	41.0	1.0	0.0	1179.0	1.0	2018.0	0.0	2	vertical	1
16.971467	8.0	3.0	40.0	-46.0	31204.5	540.0	12.0	1.0	0.0	1190.0	1.0	2315.0	0.0	2	vertical	1
17.073043							53.0	0.0	0.0	1261.0	0.0	0.0	0.0	2	vertical	1
17.176104							68.0	0.0	0.0	1153.0	0.0	0.0	0.0	2	vertical	1
17.277155							27.0	0.0	0.0	1267.0	0.0	0.0	0.0	2	vertical	1
17.377206							0.0	0.0	0.0	1282.0	0.0	0.0	0.0	2	vertical	1
17.477275							34.0	0.0	0.0	1157.0	0.0	0.0	0.0	2	vertical	1
17.579139							16.0	0.0	0.0	1207.0	0.0	0.0	0.0	2	vertical	1
17.680590							67.0	0.0	0.0	1224.0	0.0	0.0	0.0	2	vertical	1
17.782492							28.0	0.0	0.0	1238.0	0.0	0.0	0.0	2	vertical	1
17.882942							24.0	0.0	0.0	1168.0	0.0	0.0	0.0	2	vertical	1
17.984262							68.0	0.0	0.0	1201.0	0.0	0.0	0.0	2	vertical	1
18.085876							63.0	0.0	0.0	1198.0	0.0	0.0	0.0	2	vertical	1
18.186810							62.0	0.0	0.0	1153.0	0.0	0.0	0.0	2	vertical	1
18.289193							55.0	0.0	0.0	1287.0	0.0	0.0	0.0	2	vertical	1
18.389333							64.0	0.0	0.0	1212.0	0.0	0.0	0.0	2	vertical	1
18.490433							40.0	0.0	0.0	1194.0	0.0	0.0	0.0	2	vertical	1
18.591409	8.0	3.0	40.0	-46.0	186937.0	540.0	73.0	6.0	1.0	1222.0	3.0	3652.0	0.0	2	vertical	1
18.693073	8.0	3.0	80.0	-50.0	30945.0	1170.0	32.0	1.0	0.0	1192.0	1.0	1489.0	0.0	2	vertical	1
18.794154	8.0	3.0	80.0	-49.0	16026.7	1170.0	10.0	1.0	0.0	1220.0	1.0	692.0	0.0	2	vertical	1
18.895171							25.0	0.0	0.0	1257.0	0.0	0.0	0.0	2	vertical	1
18.997193	8.0	3.0	40.0	-46.0	185138.0	540.0	0.0	6.0	0.0	1246.0	4.0	6144.0	0.0	2	vertical	1
19.098932	9.0	3.0	80.0	-49.0	30922.1	1300.0	36.0	1.0	0.0	1216.0	1.0	1597.0	0.0	2	vertical	1
19.200180	8.0	3.0	80.0	-49.0	31072.2	1170.0	15.0	1.0	0.0	1222.0	1.0	2314.0	0.0	2	vertical	1
19.300184							18.0	0.0	0.0	1216.0	0.0	0.0	0.0	2	vertical	1
19.401152							45.0	0.0	0.0	1188.0	0.0	0.0	0.0	2	vertical	1
19.502857	8.0	3.0	40.0	-47.0	402243.0	540.0	44.0	13.0	0.0	1210.0	7.0	2518.0	0.0	2	vertical	1
19.603296							78.0	0.0	0.0	1135.0	0.0	0.0	0.0	2	vertical	1
19.703533	8.0	3.0	40.0	-46.0	376747.0	540.0	22.0	12.0	0.0	1219.0	7.0	6875.0	0.0	2	vertical	1
19.805960							39.0	0.0	0.0	1199.0	0.0	0.0	0.0	2	vertical	1
19.906370							64.0	0.0	0.0	1125.0	0.0	0.0	0.0	2	vertical	1
20.007091	8.0	3.0	40.0	-46.0	62588.8	540.0	26.0	2.0	0.0	1175.0	2.0	3614.0	0.0	2	vertical	1
20.108323	8.0	3.0	40.0	-46.0	31195.6	540.0	79.0	1.0	0.0	1208.0	1.0	266.0	0.0	2	vertical	1
20.210088							70.0	0.0	0.0	1181.0	0.0	0.0	0.0	2	vertical	1
20.310189	8.0	3.0	40.0	-46.0	220118.0	540.0	7.0	7.0	0.0	1220.0	7.0	2176.0	0.0	2	vertical	1
20.412156							23.0	0.0	0.0	1194.0	0.0	0.0	0.0	2	vertical	1
20.512608							72.0	0.0	0.0	1189.0	0.0	0.0	0.0	2	vertical	1
20.613216							32.0	0.0	0.0	1224.0	0.0	0.0	0.0	2	vertical	1
20.714498	9.0	3.0	80.0	-49.0	31061.7	1300.0	31.0	1.0	0.0	1284.0	1.0	1289.0	0.0	2	vertical	1
20.815382	9.0	3.0	80.0	-50.0	31184.3	1300.0	45.0	1.0	0.0	1212.0	1.0	1284.0	0.0	2	vertical	1
20.915425							61.0	0.0	0.0	1129.0	0.0	0.0	0.0	2	vertical	1
21.016563							59.0	0.0	0.0	1177.0	0.0	0.0	0.0	2	vertical	1
21.117308							29.0	0.0	0.0	1264.0	0.0	0.0	0.0	2	vertical	1
21.218469	8.0	3.0	40.0	-46.0	62198.2	540.0	38.0	2.0	0.0	1205.0	2.0	4264.0	0.0	2	vertical	1
21.319272							54.0	0.0	0.0	1203.0	0.0	0.0	0.0	2	vertical	1
21.420071							51.0	0.0	0.0	1243.0	0.0	0.0	0.0	2	vertical	1
21.521044							19.0	0.0	0.0	1220.0	0.0	0.0	0.0	2	vertical	1
21.621568							8.0	0.0	0.0	1239.0	0.0	0.0	0.0	2	vertical	1
21.722805							30.0	0.0	0.0	1154.0	0.0	0.0	0.0	2	vertical	1
21.823964							55.0	0.0	0.0	1219.0	0.0	0.0	0.0	2	vertical	1
21.925603							56.0	0.0	0.0	1175.0	0.0	0.0	0.0	2	vertical	1
22.026545							5.0	0.0	0.0	1212.0	0.0	0.0	0.0	2	vertical	1
22.127569							83.0	0.0	0.0	1112.0	0.0	0.0	0.0	2	vertical	1
22.229224							97.0	0.0	0.0	1156.0	0.0	0.0	0.0	2	vertical	1
22.329553							88.0	0.0	0.0	1102.0	0.0	0.0	0.0	2	vertical	1
22.429722							73.0	0.0	0.0	1169.0	0.0	0.0	0.0	2	vertical	1
22.531121							68.0	0.0	0.0	1227.0	0.0	0.0	0.0	2	vertical	1
22.632303	8.0	3.0	40.0	-46.0	248739.0	540.0	50.0	8.0	0.0	1161.0	3.0	220.0	0.0	2	vertical	1
22.733924							17.0	0.0	0.0	1264.0	0.0	0.0	0.0	2	vertical	1
22.835595							16.0	0.0	0.0	1244.0	0.0	0.0	0.0	2	vertical	1
22.937254							57.0	0.0	0.0	1170.0	0.0	0.0	0.0	2	vertical	1
23.037298	8.0	3.0	80.0	-49.0	31445.9	1170.0	58.0	1.0	0.0	1153.0	1.0	2020.0	0.0	2	vertical	1
23.138497	8.0	3.0	40.0	-46.0	217729.0	540.0	56.0	7.0	0.0	1175.0	7.0	677.0	0.0	2	vertical	1
23.239166							10.0	0.0	0.0	1193.0	0.0	0.0	0.0	2	vertical	1
23.340271							14.0	0.0	0.0	1282.0	0.0	0.0	0.0	2	vertical	1
23.441856							39.0	0.0	0.0	1201.0	0.0	0.0	0.0	2	vertical	1
23.542059	8.0	3.0	40.0	-46.0	251291.0	540.0	36.0	8.0	0.0	1131.0	6.0	4995.0	0.0	2	vertical	1
23.642327	8.0	3.0	80.0	-50.0	31375.7	1170.0	23.0	1.0	0.0	1238.0	1.0	220.0	0.0	2	vertical	1
23.743820							37.0	0.0	0.0	1197.0	0.0	0.0	0.0	2	vertical	1
23.845121							45.0	0.0	0.0	1236.0	0.0	0.0	0.0	2	vertical	1
23.945220							49.0	0.0	0.0	1178.0	0.0	0.0	0.0	2	vertical	1
24.045294	8.0	3.0	80.0	-50.0	31556.7	1170.0	41.0	1.0	0.0	1213.0	1.0	1241.0	0.0	2	vertical	1
24.145546							31.0	0.0	0.0	1178.0	0.0	0.0	0.0	2	vertical	1
24.246721							47.0	0.0	0.0	1218.0	0.0	0.0	0.0	2	vertical	1
24.348164							63.0	0.0	0.0	1234.0	0.0	0.0	0.0	2	vertical	1
24.448808							23.0	0.0	0.0	1247.0	0.0	0.0	0.0	2	vertical	1
24.550320							1.0	0.0	0.0	1263.0	0.0	0.0	0.0	2	vertical	1
24.651931	8.0	3.0	40.0	-46.0	371653.0	540.0	2.0	12.0	0.0	1191.0	6.0	3245.0	0.0	2	vertical	1
24.752140							4.0	0.0	0.0	1178.0	0.0	0.0	0.0	2	vertical	1
24.852454							29.0	0.0	0.0	1235.0	0.0	0.0	0.0	2	vertical	1
24.953105	8.0	3.0	40.0	-46.0	156402.0	540.0	68.0	5.0	0.0	1141.0	4.0	3987.0	0.0	2	vertical	1
25.054821							57.0	0.0	0.0	1135.0	0.0	0.0	0.0	2	vertical	1
25.156108							35.0	0.0	0.0	1174.0	0.0	0.0	0.0	2	vertical	1
25.257144							59.0	0.0	0.0	1201.0	0.0	0.0	0.0	2	vertical	1
25.357723	8.0	3.0	40.0	-46.0	375466.0	540.0	30.0	12.0	0.0	1171.0	6.0	199.0	0.0	2	vertical	1
25.457815							40.0	0.0	0.0	1133.0	0.0	0.0	0.0	2	vertical	1
25.557982							42.0	0.0	0.0	1238.0	0.0	0.0	0.0	2	vertical	1
25.659486							48.0	0.0	0.0	1231.0	0.0	0.0	0.0	2	vertical	1
25.760946	8.0	3.0	80.0	-49.0	31007.1	1170.0	25.0	1.0	1.0	1204.0	0.0	0.0	0.0	2	vertical	1
25.862292							52.0	0.0	0.0	1251.0	0.0	0.0	0.0	2	vertical	1
25.963389	8.0	3.0	80.0	-50.0	31118.5	1170.0	64.0	1.0	0.0	1164.0	1.0	2514.0	0.0	2	vertical	1
26.064185	8.0	3.0	40.0	-46.0	124847.0	540.0	26.0	4.0	0.0	1253.0	3.0	1696.0	0.0	2	vertical	1
26.164394							46.0	0.0	0.0	1184.0	0.0	0.0	0.0	2	vertical	1
26.265276							42.0	0.0	0.0	1236.0	0.0	0.0	0.0	2	vertical	1
26.366229							37.0	0.0	0.0	1174.0	0.0	0.0	0.0	2	vertical	1
26.467393							40.0	0.0	0.0	1243.0	0.0	0.0	0.0	2	vertical	1
26.567484	8.0	3.0	80.0	-49.0	31431.3	1170.0	35.0	1.0	0.0	1258.0	1.0	1703.0	0.0	2	vertical	1
26.668184	8.0	3.0	40.0	-46.0	375017.0	540.0	72.0	12.0	0.0	1195.0	7.0	1515.0	0.0	2	vertical	1
26.770708	8.0	3.0	80.0	-50.0	30802.6	1170.0	49.0	1.0	0.0	1222.0	1.0	1615.0	0.0	2	vertical	1
26.872336							46.0	0.0	0.0	1208.0	0.0	0.0	0.0	2	vertical	1
26.973156							29.0	0.0	0.0	1206.0	0.0	0.0	0.0	2	vertical	1
27.073744	8.0	3.0	80.0	-49.0	31395.6	1170.0	25.0	1.0	0.0	1164.0	1.0	2774.0	0.0	2	vertical	1
27.174092							12.0	0.0	0.0	1245.0	0.0	0.0	0.0	2	vertical	1
27.274439							61.0	0.0	0.0	1157.0	0.0	0.0	0.0	2	vertical	1
27.374984	9.0	3.0	80.0	-51.0	31289.6	1300.0	40.0	1.0	1.0	1147.0	0.0	0.0	0.0	2	vertical	1
27.477110	8.0	3.0	40.0	-47.0	369780.0	540.0	13.0	12.0	0.0	1264.0	6.0	1405.0	0.0	2	vertical	1
27.577984	8.0	3.0	40.0	-48.0	374367.0	540.0	46.0	12.0	0.0	1167.0	7.0	643.0	0.0	2	vertical	1
27.678818							14.0	0.0	0.0	1287.0	0.0	0.0	0.0	2	vertical	1
27.779022							36.0	0.0	0.0	1249.0	0.0	0.0	0.0	2	vertical	1
27.880436							33.0	0.0	0.0	1237.0	0.0	0.0	0.0	2	vertical	1
27.981894							55.0	0.0	0.0	1169.0	0.0	0.0	0.0	2	vertical	1
28.081931	8.0	3.0	46.6667	-47.6667	188931.0	645.0	15.0	6.0	0.0	1221.0	6.0	5036.0	0.0	2	vertical	1
28.182528							38.0	0.0	0.0	1189.0	0.0	0.0	0.0	2	vertical	1
28.284328							28.0	0.0	0.0	1251.0	0.0	0.0	0.0	2	vertical	1
28.385571							46.0	0.0	0.0	1199.0	0.0	0.0	0.0	2	vertical	1
28.486819							41.0	0.0	0.0	1192.0	0.0	0.0	0.0	2	vertical	1
28.588981	9.0	3.0	80.0	-51.0	30794.1	1300.0	28.0	1.0	1.0	1220.0	0.0	0.0	0.0	2	vertical	1
28.689874	8.0	3.0	80.0	-51.0	31181.6	1170.0	79.0	1.0	0.0	1119.0	1.0	749.0	0.0	2	vertical	1
28.790792							15.0	0.0	0.0	1180.0	0.0	0.0	0.0	2	vertical	1
28.891065							52.0	0.0	0.0	1193.0	0.0	0.0	0.0	2	vertical	1
28.991205							71.0	0.0	0.0	1141.0	0.0	0.0	0.0	2	vertical	1
29.092129	8.0	3.0	80.0	-50.0	31290.9	1170.0	42.0	1.0	0.0	1195.0	1.0	495.0	0.0	2	vertical	1
29.193562							72.0	0.0	0.0	1139.0	0.0	0.0	0.0	2	vertical	1
29.294651							63.0	0.0	0.0	1232.0	0.0	0.0	0.0	2	vertical	1
29.395260							21.0	0.0	0.0	1200.0	0.0	0.0	0.0	2	vertical	1
29.496516							41.0	0.0	0.0	1234.0	0.0	0.0	0.0	2	vertical	1
29.598774							86.0	0.0	0.0	1188.0	0.0	0.0	0.0	2	vertical	1
29.698856							46.0	0.0	0.0	1201.0	0.0	0.0	0.0	2	vertical	1
29.801307							47.0	0.0	0.0	1130.0	0.0	0.0	0.0	2	vertical	1
29.902705							32.0	0.0	0.0	1176.0	0.0	0.0	0.0	2	vertical	1
30.004582							12.0	0.0	0.0	1236.0	0.0	0.0	0.0	2	vertical	1
30.104751	8.0	3.0	80.0	-51.0	31526.8	1170.0	18.0	1.0	0.0	1249.0	1.0	3638.0	0.0	2	vertical	1
30.205129	8.0	3.0	40.0	-48.0	344877.0	540.0	43.0	11.0	0.0	1164.0	8.0	1166.0	0.0	2	vertical	1
30.305328	8.0	3.0	44.4444	-47.3333	282696.0	610.0	23.0	9.0	0.0	1129.0	9.0	4669.0	0.0	2	vertical	1
30.406710							6.0	0.0	0.0	1249.0	0.0	0.0	0.0	2	vertical	1
30.507874							45.0	0.0	0.0	1192.0	0.0	0.0	0.0	2	vertical	1
30.608384							68.0	0.0	0.0	1170.0	0.0	0.0	0.0	2	vertical	1
30.709024							66.0	0.0	0.0	1190.0	0.0	0.0	0.0	2	vertical	1
30.809091							45.0	0.0	0.0	1203.0	0.0	0.0	0.0	2	vertical	1
30.910820							63.0	0.0	0.0	1195.0	0.0	0.0	0.0	2	vertical	1
31.012247							29.0	0.0	0.0	1277.0	0.0	0.0	0.0	2	vertical	1
31.112490							31.0	0.0	0.0	1202.0	0.0	0.0	0.0	2	vertical	1
31.212510							10.0	0.0	0.0	1190.0	0.0	0.0	0.0	2	vertical	1
31.313313							20.0	0.0	0.0	1200.0	0.0	0.0	0.0	2	vertical	1
31.413803							8.0	0.0	0.0	1195.0	0.0	0.0	0.0	2	vertical	1
31.514818	8.0	3.0	44.4444	-47.3333	280533.0	610.0	11.0	9.0	0.0	1236.0	8.0	7118.0	0.0	2	vertical	1
31.616562							70.0	0.0	0.0	1250.0	0.0	0.0	0.0	2	vertical	1
31.717938							34.0	0.0	0.0	1254.0	0.0	0.0	0.0	2	vertical	1
31.818450							35.0	0.0	0.0	1215.0	0.0	0.0	0.0	2	vertical	1
31.919165	8.0	3.0	40.0	-47.0	125065.0	540.0	34.0	4.0	0.0	1181.0	3.0	32.0	0.0	2	vertical	1
32.019928	8.0	3.0	40.0	-47.0	124887.0	540.0	68.0	4.0	0.0	1152.0	3.0	2116.0	0.0	2	vertical	1
32.121464							14.0	0.0	0.0	1260.0	0.0	0.0	0.0	2	vertical	1
32.221929							14.0	0.0	0.0	1219.0	0.0	0.0	0.0	2	vertical	1
32.324402							22.0	0.0	0.0	1256.0	0.0	0.0	0.0	2	vertical	1
32.425380	8.0	3.0	80.0	-50.0	31155.2	1170.0	31.0	1.0	0.0	1240.0	1.0	1496.0	0.0	2	vertical	1
32.525756							71.0	0.0	0.0	1125.0	0.0	0.0	0.0	2	vertical	1
32.627479							38.0	0.0	0.0	1162.0	0.0	0.0	0.0	2	vertical	1
32.728256							69.0	0.0	0.0	1123.0	0.0	0.0	0.0	2	vertical	1
32.828320							54.0	0.0	0.0	1104.0	0.0	0.0	0.0	2	vertical	1
32.929224	8.0	3.0	80.0	-50.0	31178.2	1170.0	21.0	1.0	0.0	1246.0	1.0	752.0	0.0	2	vertical	1
33.030240							69.0	0.0	0.0	1162.0	0.0	0.0	0.0	2	vertical	1
33.131019							19.0	0.0	0.0	1246.0	0.0	0.0	0.0	2	vertical	1
33.231768							52.0	0.0	0.0	1152.0	0.0	0.0	0.0	2	vertical	1
33.332638	7.09091	3.0	80.0	-49.2727	343431.0	992.727	44.0	11.0	6.0	1173.0	5.0	5084.0	0.0	2	vertical	1
33.433749	7.0	3.0	80.0	-49.6871	8621930.0	975.0	0.0	278.0	4.0	1242.0	155.0	37596.0	0.0	2	vertical	1
33.535098	8.0	3.0	80.0	-50.0	31159.5	1170.0	47.0	1.0	0.0	1195.0	1.0	1385.0	0.0	2	vertical	1
33.635845	7.0	3.0	80.0	-49.5634	2217680.0	975.0	35.0	71.0	1.0	1199.0	39.0	5268.0	0.0	2	vertical	1
33.737312	7.0	3.0	80.0	-49.4809	8095400.0	975.0	10.0	262.0	5.0	1235.0	130.0	41453.0	0.0	2	vertical	1
33.838860							3.0	0.0	0.0	1261.0	0.0	0.0	0.0	2	vertical	1
33.939253							32.0	0.0	0.0	1224.0	0.0	0.0	0.0	2	vertical	1
34.040366							48.0	0.0	0.0	1234.0	0.0	0.0	0.0	2	vertical	1
34.141008							38.0	0.0	0.0	1216.0	0.0	0.0	0.0	2	vertical	1
34.241874							42.0	0.0	0.0	1197.0	0.0	0.0	0.0	2	vertical	1
34.341890							59.0	0.0	0.0	1174.0	0.0	0.0	0.0	2	vertical	1
34.443320							61.0	0.0	0.0	1186.0	0.0	0.0	0.0	2	vertical	1
34.544134							109.0	0.0	0.0	1163.0	0.0	0.0	0.0	2	vertical	1
34.644730							54.0	0.0	0.0	1168.0	0.0	0.0	0.0	2	vertical	1
34.745380							28.0	0.0	0.0	1108.0	0.0	0.0	0.0	2	vertical	1
34.847073	9.0	3.0	40.0	-48.0	92808.9	600.0	32.0	3.0	0.0	1162.0	3.0	5246.0	0.0	2	vertical	1
34.948089							36.0	0.0	0.0	1211.0	0.0	0.0	0.0	2	vertical	1
35.048285	9.0	3.0	80.0	-50.0	31398.5	1300.0	44.0	1.0	0.0	1206.0	1.0	3003.0	0.0	2	vertical	1
35.150295	9.0	3.0	40.0	-48.0	30840.2	600.0	72.0	1.0	0.0	1155.0	1.0	419.0	0.0	2	vertical	1
35.251008							42.0	0.0	0.0	1193.0	0.0	0.0	0.0	2	vertical	1
35.351247							24.0	0.0	0.0	1179.0	0.0	0.0	0.0	2	vertical	1
35.452203							64.0	0.0	0.0	1165.0	0.0	0.0	0.0	2	vertical	1
35.552446							35.0	0.0	0.0	1201.0	0.0	0.0	0.0	2	vertical	1
35.652456							53.0	0.0	0.0	1217.0	0.0	0.0	0.0	2	vertical	1
35.754465							87.0	0.0	0.0	1125.0	0.0	0.0	0.0	2	vertical	1
35.855273							50.0	0.0	0.0	1241.0	0.0	0.0	0.0	2	vertical	1
35.956072	8.0	3.0	80.0	-50.0	31329.9	1170.0	42.0	1.0	0.0	1191.0	1.0	1760.0	0.0	2	vertical	1
36.057688							43.0	0.0	0.0	1215.0	0.0	0.0	0.0	2	vertical	1
36.159036							48.0	0.0	0.0	1155.0	0.0	0.0	0.0	2	vertical	1
36.260121							77.0	0.0	0.0	1109.0	0.0	0.0	0.0	2	vertical	1
36.361201							48.0	0.0	0.0	1212.0	0.0	0.0	0.0	2	vertical	1
36.462948							42.0	0.0	0.0	1218.0	0.0	0.0	0.0	2	vertical	1
36.565053							51.0	0.0	0.0	1187.0	0.0	0.0	0.0	2	vertical	1
36.666166							22.0	0.0	0.0	1197.0	0.0	0.0	0.0	2	vertical	1
36.767213							21.0	0.0	0.0	1234.0	0.0	0.0	0.0	2	vertical	1
36.867662							59.0	0.0	0.0	1230.0	0.0	0.0	0.0	2	vertical	1
36.968624	8.0	3.0	40.0	-48.0	31160.3	540.0	45.0	1.0	0.0	1191.0	1.0	2288.0	0.0	2	vertical	1
37.069582							12.0	0.0	0.0	1193.0	0.0	0.0	0.0	2	vertical	1
37.170626							15.0	0.0	0.0	1200.0	0.0	0.0	0.0	2	vertical	1
37.271733	8.0	3.0	80.0	-50.0	31234.3	1170.0	42.0	1.0	0.0	1242.0	1.0	277.0	0.0	2	vertical	1
37.371971							3.0	0.0	0.0	1285.0	0.0	0.0	0.0	2	vertical	1
37.472083							53.0	0.0	0.0	1169.0	0.0	0.0	0.0	2	vertical	1
37.572413							36.0	0.0	0.0	1125.0	0.0	0.0	0.0	2	vertical	1
37.672626							54.0	0.0	0.0	1191.0	0.0	0.0	0.0	2	vertical	1
37.774286							45.0	0.0	0.0	1230.0	0.0	0.0	0.0	2	vertical	1
37.874577							27.0	0.0	0.0	1265.0	0.0	0.0	0.0	2	vertical	1
37.975912							28.0	0.0	0.0	1238.0	0.0	0.0	0.0	2	vertical	1
38.076158							58.0	0.0	0.0	1136.0	0.0	0.0	0.0	2	vertical	1
38.176591							13.0	0.0	0.0	1232.0	0.0	0.0	0.0	2	vertical	1
38.277049							26.0	0.0	0.0	1214.0	0.0	0.0	0.0	2	vertical	1
38.378004	8.0	3.0	80.0	-51.0	31281.0	1170.0	28.0	1.0	0.0	1181.0	1.0	923.0	0.0	2	vertical	1
38.478067							59.0	0.0	0.0	1147.0	0.0	0.0	0.0	2	vertical	1
38.578084	8.0	3.0	80.0	-50.0	31454.7	1170.0	50.0	1.0	0.0	1169.0	1.0	2618.0	0.0	2	vertical	1
38.679983							23.0	0.0	0.0	1211.0	0.0	0.0	0.0	2	vertical	1
38.780191							21.0	0.0	0.0	1201.0	0.0	0.0	0.0	2	vertical	1
38.880555							7.0	0.0	0.0	1236.0	0.0	0.0	0.0	2	vertical	1
38.980706							26.0	0.0	0.0	1229.0	0.0	0.0	0.0	2	vertical	1
39.080887							44.0	0.0	0.0	1211.0	0.0	0.0	0.0	2	vertical	1
39.182278							29.0	0.0	0.0	1245.0	0.0	0.0	0.0	2	vertical	1
39.282750							22.0	0.0	0.0	1174.0	0.0	0.0	0.0	2	vertical	1
39.384353							40.0	0.0	0.0	1191.0	0.0	0.0	0.0	2	vertical	1
39.486115							57.0	0.0	0.0	1272.0	0.0	0.0	0.0	2	vertical	1
39.587769							40.0	0.0	0.0	1164.0	0.0	0.0	0.0	2	vertical	1
39.690221							54.0	0.0	0.0	1225.0	0.0	0.0	0.0	2	vertical	1
39.790507							41.0	0.0	0.0	1231.0	0.0	0.0	0.0	2	vertical	1
39.891318							55.0	0.0	0.0	1209.0	0.0	0.0	0.0	2	vertical	1
39.991374							62.0	0.0	0.0	1185.0	0.0	0.0	0.0	2	vertical	1
40.092324							44.0	0.0	0.0	1194.0	0.0	0.0	0.0	2	vertical	1
40.193897							67.0	0.0	0.0	1188.0	0.0	0.0	0.0	2	vertical	1
40.295254	8.0	3.0	40.0	-47.0	155194.0	540.0	18.0	5.0	0.0	1224.0	5.0	3875.0	0.0	2	vertical	1
40.396942							42.0	0.0	0.0	1216.0	0.0	0.0	0.0	2	vertical	1
40.498049							69.0	0.0	0.0	1202.0	0.0	0.0	0.0	2	vertical	1
40.599125	8.0	3.0	40.0	-47.0	93493.4	540.0	55.0	3.0	0.0	1219.0	3.0	4084.0	0.0	2	vertical	1
40.700720	8.0	3.0	40.0	-47.0	216881.0	540.0	9.0	7.0	0.0	1260.0	6.0	963.0	0.0	2	vertical	1
40.801016							30.0	0.0	0.0	1238.0	0.0	0.0	0.0	2	vertical	1
40.901892	8.0	3.0	40.0	-47.0	249614.0	540.0	15.0	8.0	1.0	1134.0	4.0	6862.0	0.0	2	vertical	1
41.002414							10.0	0.0	0.0	1235.0	0.0	0.0	0.0	2	vertical	1
41.105323							31.0	0.0	0.0	1313.0	0.0	0.0	0.0	2	vertical	1
41.205417							57.0	0.0	0.0	1210.0	0.0	0.0	0.0	2	vertical	1
41.305747							57.0	0.0	0.0	1136.0	0.0	0.0	0.0	2	vertical	1
41.407152							42.0	0.0	0.0	1193.0	0.0	0.0	0.0	2	vertical	1
41.508397							25.0	0.0	0.0	1168.0	0.0	0.0	0.0	2	vertical	1
41.610255							9.0	0.0	0.0	1174.0	0.0	0.0	0.0	2	vertical	1
41.711493							69.0	0.0	0.0	1169.0	0.0	0.0	0.0	2	vertical	1
41.812678							59.0	0.0	0.0	1157.0	0.0	0.0	0.0	2	vertical	1
41.912820							34.0	0.0	0.0	1151.0	0.0	0.0	0.0	2	vertical	1
42.013022							101.0	0.0	0.0	1147.0	0.0	0.0	0.0	2	vertical	1
42.114314							12.0	0.0	0.0	1242.0	0.0	0.0	0.0	2	vertical	1
42.215461	8.0	3.0	80.0	-49.5	62443.7	1170.0	25.0	2.0	0.0	1220.0	2.0	3351.0	0.0	2	vertical	1
42.315649	8.0	3.0	40.0	-47.0	125725.0	540.0	62.0	4.0	4.0	1154.0	0.0	0.0	0.0	2	vertical	1
42.417696							47.0	0.0	0.0	1231.0	0.0	0.0	0.0	2	vertical	1
42.518300	8.5	3.0	80.0	-51.0	62661.3	1235.0	53.0	2.0	0.0	1181.0	2.0	3638.0	0.0	2	vertical	1
42.618904							28.0	0.0	0.0	1194.0	0.0	0.0	0.0	2	vertical	1
42.720471	8.0	3.0	80.0	-51.0	31093.0	1170.0	81.0	1.0	0.0	1232.0	1.0	2060.0	0.0	2	vertical	1
42.822058							13.0	0.0	0.0	1182.0	0.0	0.0	0.0	2	vertical	1
42.922832	8.0	3.0	40.0	-47.0	249866.0	540.0	45.0	8.0	0.0	1178.0	6.0	2411.0	0.0	2	vertical	1
43.026269							76.0	0.0	0.0	1213.0	0.0	0.0	0.0	2	vertical	1
43.128541							49.0	0.0	0.0	1196.0	0.0	0.0	0.0	2	vertical	1
43.229804							35.0	0.0	0.0	1190.0	0.0	0.0	0.0	2	vertical	1
43.330259							15.0	0.0	0.0	1194.0	0.0	0.0	0.0	2	vertical	1
43.432076							49.0	0.0	0.0	1156.0	0.0	0.0	0.0	2	vertical	1
43.533859							38.0	0.0	0.0	1261.0	0.0	0.0	0.0	2	vertical	1
43.634547							52.0	0.0	0.0	1132.0	0.0	0.0	0.0	2	vertical	1
43.734665							55.0	0.0	0.0	1193.0	0.0	0.0	0.0	2	vertical	1
43.835589							2.0	0.0	0.0	1242.0	0.0	0.0	0.0	2	vertical	1
43.936250							1.0	0.0	0.0	1240.0	0.0	0.0	0.0	2	vertical	1
44.038335							22.0	0.0	0.0	1276.0	0.0	0.0	0.0	2	vertical	1
44.139988							66.0	0.0	0.0	1177.0	0.0	0.0	0.0	2	vertical	1
44.241307							49.0	0.0	0.0	1132.0	0.0	0.0	0.0	2	vertical	1
44.342704							73.0	0.0	0.0	1154.0	0.0	0.0	0.0	2	vertical	1
44.443652							87.0	0.0	0.0	1102.0	0.0	0.0	0.0	2	vertical	1
44.544370							32.0	0.0	0.0	1126.0	0.0	0.0	0.0	2	vertical	1
44.644397							20.0	0.0	0.0	1196.0	0.0	0.0	0.0	2	vertical	1
44.744460							10.0	0.0	0.0	1172.0	0.0	0.0	0.0	2	vertical	1
44.844806	8.0	3.0	80.0	-51.0	31471.3	1170.0	36.0	1.0	1.0	1217.0	0.0	0.0	0.0	2	vertical	1
44.945348							4.0	0.0	0.0	1266.0	0.0	0.0	0.0	2	vertical	1
45.045950	8.0	3.0	40.0	-48.0	344108.0	540.0	40.0	11.0	0.0	1148.0	6.0	4097.0	0.0	2	vertical	1
45.146490	8.0	3.0	80.0	-51.0	31410.4	1170.0	31.0	1.0	0.0	1172.0	1.0	2688.0	0.0	2	vertical	1
45.246691							49.0	0.0	0.0	1194.0	0.0	0.0	0.0	2	vertical	1
45.346754							64.0	0.0	0.0	1157.0	0.0	0.0	0.0	2	vertical	1
45.447554							55.0	0.0	0.0	1167.0	0.0	0.0	0.0	2	vertical	1
45.547570	9.0	3.0	80.0	-50.5	62910.2	1300.0	70.0	2.0	0.0	1173.0	2.0	3815.0	0.0	2	vertical	1
45.648555	8.0	3.0	40.0	-47.0	280496.0	540.0	11.0	9.0	0.0	1239.0	4.0	815.0	0.0	2	vertical	1
45.748818							24.0	0.0	0.0	1171.0	0.0	0.0	0.0	2	vertical	1
45.849737							25.0	0.0	0.0	1204.0	0.0	0.0	0.0	2	vertical	1
45.950138							60.0	0.0	0.0	1209.0	0.0	0.0	0.0	2	vertical	1
46.051019							53.0	0.0	0.0	1202.0	0.0	0.0	0.0	2	vertical	1
46.152688							39.0	0.0	0.0	1198.0	0.0	0.0	0.0	2	vertical	1
46.254210	9.0	3.0	80.0	-50.0	30988.4	1300.0	63.0	1.0	0.0	1152.0	1.0	2847.0	0.0	2	vertical	1
46.354267							46.0	0.0	0.0	1165.0	0.0	0.0	0.0	2	vertical	1
46.455508							39.0	0.0	0.0	1205.0	0.0	0.0	0.0	2	vertical	1
46.556843							46.0	0.0	0.0	1192.0	0.0	0.0	0.0	2	vertical	1
46.657876							15.0	0.0	0.0	1181.0	0.0	0.0	0.0	2	vertical	1
46.757932							67.0	0.0	0.0	1229.0	0.0	0.0	0.0	2	vertical	1
46.859361							25.0	0.0	0.0	1192.0	0.0	0.0	0.0	2	vertical	1
46.960799							58.0	0.0	0.0	1215.0	0.0	0.0	0.0	2	vertical	1
47.062456							26.0	0.0	0.0	1178.0	0.0	0.0	0.0	2	vertical	1
47.163496							44.0	0.0	0.0	1199.0	0.0	0.0	0.0	2	vertical	1
47.264947							38.0	0.0	0.0	1243.0	0.0	0.0	0.0	2	vertical	1
47.365021							25.0	0.0	0.0	1212.0	0.0	0.0	0.0	2	vertical	1
47.466464							30.0	0.0	0.0	1174.0	0.0	0.0	0.0	2	vertical	1
47.567940							59.0	0.0	0.0	1185.0	0.0	0.0	0.0	2	vertical	1
47.669536							58.0	0.0	0.0	1181.0	0.0	0.0	0.0	2	vertical	1
47.771176							44.0	0.0	0.0	1129.0	0.0	0.0	0.0	2	vertical	1
47.872470							38.0	0.0	0.0	1176.0	0.0	0.0	0.0	2	vertical	1
47.972644							95.0	0.0	0.0	1143.0	0.0	0.0	0.0	2	vertical	1
48.073759							37.0	0.0	0.0	1174.0	0.0	0.0	0.0	2	vertical	1
48.174837							40.0	0.0	0.0	1157.0	0.0	0.0	0.0	2	vertical	1
48.275005							67.0	0.0	0.0	1127.0	0.0	0.0	0.0	2	vertical	1
48.375455							78.0	0.0	0.0	1236.0	0.0	0.0	0.0	2	vertical	1
48.476468							30.0	0.0	0.0	1176.0	0.0	0.0	0.0	2	vertical	1
48.576882							28.0	0.0	0.0	1199.0	0.0	0.0	0.0	2	vertical	1
48.676884							23.0	0.0	0.0	1168.0	0.0	0.0	0.0	2	vertical	1
48.778140							26.0	0.0	0.0	1240.0	0.0	0.0	0.0	2	vertical	1
48.879521							80.0	0.0	0.0	1172.0	0.0	0.0	0.0	2	vertical	1
48.979729	8.0	3.0	40.0	-47.0	31394.6	540.0	25.0	1.0	0.0	1216.0	1.0	3432.0	0.0	2	vertical	1
49.079755	8.0	3.0	40.0	-47.0	125927.0	540.0	2.0	4.0	0.0	1169.0	4.0	1267.0	0.0	2	vertical	1
49.179961							39.0	0.0	0.0	1245.0	0.0	0.0	0.0	2	vertical	1
49.279983							5.0	0.0	0.0	1201.0	0.0	0.0	0.0	2	vertical	1
49.380447							5.0	0.0	0.0	1164.0	0.0	0.0	0.0	2	vertical	1
49.481449	8.0	3.0	80.0	-51.0	31266.5	1170.0	40.0	1.0	0.0	1245.0	1.0	494.0	0.0	2	vertical	1
49.583189							15.0	0.0	0.0	1244.0	0.0	0.0	0.0	2	vertical	1
49.684212							44.0	0.0	0.0	1194.0	0.0	0.0	0.0	2	vertical	1
49.784613							45.0	0.0	0.0	1195.0	0.0	0.0	0.0	2	vertical	1
49.886210							32.0	0.0	0.0	1161.0	0.0	0.0	0.0	2	vertical	1
49.987790							26.0	0.0	0.0	1198.0	0.0	0.0	0.0	2	vertical	1
50.088474							107.0	0.0	0.0	1092.0	0.0	0.0	0.0	2	vertical	1
50.188883							61.0	0.0	0.0	1172.0	0.0	0.0	0.0	2	vertical	1
50.289671	8.0	3.0	80.0	-51.0	31333.1	1170.0	54.0	1.0	0.0	1150.0	1.0	1393.0	0.0	2	vertical	1
50.390748	8.0	3.0	40.0	-47.0	62368.4	540.0	31.0	2.0	0.0	1211.0	1.0	848.0	0.0	2	vertical	1
50.491057							45.0	0.0	0.0	1193.0	0.0	0.0	0.0	2	vertical	1
50.592482							75.0	0.0	0.0	1137.0	0.0	0.0	0.0	2	vertical	1
50.692705							32.0	0.0	0.0	1222.0	0.0	0.0	0.0	2	vertical	1
50.792738							41.0	0.0	0.0	1146.0	0.0	0.0	0.0	2	vertical	1
50.894092	8.0	3.0	80.0	-51.0	31039.7	1170.0	54.0	1.0	0.0	1214.0	1.0	2074.0	0.0	2	vertical	1
50.995410	8.0	3.0	80.0	-51.0	31169.2	1170.0	46.0	1.0	0.0	1266.0	1.0	1876.0	0.0	2	vertical	1
51.095769							21.0	0.0	0.0	1196.0	0.0	0.0	0.0	2	vertical	1
51.196390							31.0	0.0	0.0	1193.0	0.0	0.0	0.0	2	vertical	1
51.296418							7.0	0.0	0.0	1262.0	0.0	0.0	0.0	2	vertical	1
51.397666							13.0	0.0	0.0	1240.0	0.0	0.0	0.0	2	vertical	1
51.499407							11.0	0.0	0.0	1219.0	0.0	0.0	0.0	2	vertical	1
51.600679							24.0	0.0	0.0	1289.0	0.0	0.0	0.0	2	vertical	1
51.701665	8.0	3.0	40.0	-47.0	31152.8	540.0	29.0	1.0	1.0	1190.0	0.0	0.0	0.0	2	vertical	1
51.801719	8.0	3.0	40.0	-48.0	251545.0	540.0	20.0	8.0	0.0	1291.0	4.0	1404.0	0.0	2	vertical	1
51.903792							24.0	0.0	0.0	1211.0	0.0	0.0	0.0	2	vertical	1
52.006273	8.0	3.0	80.0	-51.0	30698.2	1170.0	36.0	1.0	0.0	1198.0	1.0	1967.0	0.0	2	vertical	1
52.108809	8.0	3.0	40.0	-48.0	184208.0	540.0	33.0	6.0	0.0	1177.0	5.0	5577.0	0.0	2	vertical	1
52.210438							8.0	0.0	0.0	1260.0	0.0	0.0	0.0	2	vertical	1
52.311518							25.0	0.0	0.0	1178.0	0.0	0.0	0.0	2	vertical	1
52.411710							61.0	0.0	0.0	1093.0	0.0	0.0	0.0	2	vertical	1
52.511983	8.0	3.0	40.0	-47.0	31374.4	540.0	27.0	1.0	0.0	1179.0	1.0	1049.0	0.0	2	vertical	1
52.613275							51.0	0.0	0.0	1167.0	0.0	0.0	0.0	2	vertical	1
52.713535							44.0	0.0	0.0	1153.0	0.0	0.0	0.0	2	vertical	1
52.813828	8.0	3.0	80.0	-50.0	31487.7	1170.0	75.0	1.0	0.0	1176.0	1.0	2513.0	0.0	2	vertical	1
52.915396							4.0	0.0	0.0	1281.0	0.0	0.0	0.0	2	vertical	1
53.016893	8.0	3.0	80.0	-51.0	31114.2	1170.0	32.0	1.0	0.0	1176.0	1.0	512.0	0.0	2	vertical	1
53.117816							58.0	0.0	0.0	1153.0	0.0	0.0	0.0	2	vertical	1
53.218417							52.0	0.0	0.0	1201.0	0.0	0.0	0.0	2	vertical	1
53.319125							52.0	0.0	0.0	1217.0	0.0	0.0	0.0	2	vertical	1
53.420229							26.0	0.0	0.0	1152.0	0.0	0.0	0.0	2	vertical	1
53.521906							34.0	0.0	0.0	1240.0	0.0	0.0	0.0	2	vertical	1
53.622124							26.0	0.0	0.0	1216.0	0.0	0.0	0.0	2	vertical	1
53.722945							50.0	0.0	0.0	1148.0	0.0	0.0	0.0	2	vertical	1
53.823995							15.0	0.0	0.0	1261.0	0.0	0.0	0.0	2	vertical	1
53.925238							54.0	0.0	0.0	1197.0	0.0	0.0	0.0	2	vertical	1
54.025928	9.0	3.0	80.0	-51.0	31244.5	1300.0	46.0	1.0	0.0	1146.0	1.0	2959.0	0.0	2	vertical	1
54.126706							63.0	0.0	0.0	1201.0	0.0	0.0	0.0	2	vertical	1
54.227506	8.0	3.0	40.0	-47.0	249803.0	540.0	77.0	8.0	0.0	1170.0	7.0	904.0	0.0	2	vertical	1
54.327724							44.0	0.0	0.0	1126.0	0.0	0.0	0.0	2	vertical	1
54.428175							21.0	0.0	0.0	1204.0	0.0	0.0	0.0	2	vertical	1
54.529033							31.0	0.0	0.0	1193.0	0.0	0.0	0.0	2	vertical	1
54.629460							57.0	0.0	0.0	1107.0	0.0	0.0	0.0	2	vertical	1
54.729937							67.0	0.0	0.0	1178.0	0.0	0.0	0.0	2	vertical	1
54.830800							105.0	0.0	0.0	1149.0	0.0	0.0	0.0	2	vertical	1
54.932126							17.0	0.0	0.0	1276.0	0.0	0.0	0.0	2	vertical	1
55.033900							18.0	0.0	0.0	1247.0	0.0	0.0	0.0	2	vertical	1
55.134928							26.0	0.0	0.0	1197.0	0.0	0.0	0.0	2	vertical	1
55.235720							13.0	0.0	0.0	1214.0	0.0	0.0	0.0	2	vertical	1
55.337130							28.0	0.0	0.0	1201.0	0.0	0.0	0.0	2	vertical	1
55.439376							18.0	0.0	0.0	1278.0	0.0	0.0	0.0	2	vertical	1
55.539497							13.0	0.0	0.0	1204.0	0.0	0.0	0.0	2	vertical	1
55.640740							75.0	0.0	0.0	1234.0	0.0	0.0	0.0	2	vertical	1
55.742328							31.0	0.0	0.0	1202.0	0.0	0.0	0.0	2	vertical	1
55.842986							68.0	0.0	0.0	1233.0	0.0	0.0	0.0	2	vertical	1
55.943107							33.0	0.0	0.0	1199.0	0.0	0.0	0.0	2	vertical	1
56.043361							37.0	0.0	0.0	1176.0	0.0	0.0	0.0	2	vertical	1
56.145035							35.0	0.0	0.0	1237.0	0.0	0.0	0.0	2	vertical	1
56.245224	9.0	3.0	80.0	-50.0	31400.7	1300.0	57.0	1.0	0.0	1218.0	1.0	1724.0	0.0	2	vertical	1
56.345733							50.0	0.0	0.0	1198.0	0.0	0.0	0.0	2	vertical	1
56.447136	8.0	3.0	40.0	-47.0	31024.8	540.0	70.0	1.0	0.0	1148.0	1.0	386.0	0.0	2	vertical	1
56.548497							42.0	0.0	0.0	1176.0	0.0	0.0	0.0	2	vertical	1
56.650128							56.0	0.0	0.0	1226.0	0.0	0.0	0.0	2	vertical	1
56.750482							44.0	0.0	0.0	1205.0	0.0	0.0	0.0	2	vertical	1
56.850804							16.0	0.0	0.0	1194.0	0.0	0.0	0.0	2	vertical	1
56.951005							44.0	0.0	0.0	1168.0	0.0	0.0	0.0	2	vertical	1
57.052789							28.0	0.0	0.0	1223.0	0.0	0.0	0.0	2	vertical	1
57.153724							35.0	0.0	0.0	1222.0	0.0	0.0	0.0	2	vertical	1
57.254852							60.0	0.0	0.0	1110.0	0.0	0.0	0.0	2	vertical	1
57.354975							49.0	0.0	0.0	1187.0	0.0	0.0	0.0	2	vertical	1
57.455856							54.0	0.0	0.0	1110.0	0.0	0.0	0.0	2	vertical	1
57.556425	8.0	3.0	40.0	-47.0	344221.0	540.0	46.0	11.0	1.0	1185.0	6.0	1166.0	0.0	2	vertical	1
57.657017							40.0	0.0	0.0	1223.0	0.0	0.0	0.0	2	vertical	1
57.757060							19.0	0.0	0.0	1215.0	0.0	0.0	0.0	2	vertical	1
57.857579							68.0	0.0	0.0	1179.0	0.0	0.0	0.0	2	vertical	1
57.958201							36.0	0.0	0.0	1209.0	0.0	0.0	0.0	2	vertical	1
58.058942	9.0	3.0	80.0	-50.0	31228.5	1300.0	26.0	1.0	0.0	1230.0	1.0	1995.0	0.0	2	vertical	1
58.159665	8.0	3.0	80.0	-49.0	31353.3	1170.0	46.0	1.0	0.0	1216.0	1.0	3820.0	0.0	2	vertical	1
58.260967							55.0	0.0	0.0	1170.0	0.0	0.0	0.0	2	vertical	1
58.361304							42.0	0.0	0.0	1175.0	0.0	0.0	0.0	2	vertical	1
58.463023							30.0	0.0	0.0	1265.0	0.0	0.0	0.0	2	vertical	1
58.564281	8.0	3.0	80.0	-49.0	31187.4	1170.0	25.0	1.0	0.0	1192.0	1.0	1608.0	0.0	2	vertical	1
58.664603							28.0	0.0	0.0	1282.0	0.0	0.0	0.0	2	vertical	1
58.764711							41.0	0.0	0.0	1155.0	0.0	0.0	0.0	2	vertical	1
58.865744							18.0	0.0	0.0	1258.0	0.0	0.0	0.0	2	vertical	1
58.966470	8.0	3.0	80.0	-50.0	31352.2	1170.0	43.0	1.0	0.0	1203.0	1.0	509.0	0.0	2	vertical	1
59.066790							73.0	0.0	0.0	1171.0	0.0	0.0	0.0	2	vertical	1
59.166865							79.0	0.0	0.0	1140.0	0.0	0.0	0.0	2	vertical	1
59.267885							56.0	0.0	0.0	1048.0	0.0	0.0	0.0	2	vertical	1
59.368170							85.0	0.0	0.0	1262.0	0.0	0.0	0.0	2	vertical	1
59.469931							43.0	0.0	0.0	1200.0	0.0	0.0	0.0	2	vertical	1
59.571159							7.0	0.0	0.0	1274.0	0.0	0.0	0.0	2	vertical	1
59.671689	8.0	3.0	80.0	-50.0	31413.4	1170.0	2.0	1.0	0.0	1244.0	1.0	3896.0	0.0	2	vertical	1
59.771776							8.0	0.0	0.0	1238.0	0.0	0.0	0.0	2	vertical	1
59.871908							1.0	0.0	0.0	1194.0	0.0	0.0	0.0	2	vertical	1
59.972073							22.0	0.0	0.0	1227.0	0.0	0.0	0.0	2	vertical	1
60.072123							38.0	0.0	0.0	1150.0	0.0	0.0	0.0	2	vertical	1
60.172455							62.0	0.0	0.0	1188.0	0.0	0.0	0.0	2	vertical	1
60.273259	8.0	3.0	40.0	-46.0	62536.9	540.0	24.0	2.0	0.0	1203.0	2.0	3979.0	0.0	2	vertical	1
60.374479	8.0	3.0	40.0	-46.0	93242.8	540.0	48.0	3.0	0.0	1173.0	3.0	909.0	0.0	2	vertical	1
60.475615	8.0	3.0	80.0	-50.0	31106.4	1170.0	13.0	1.0	0.0	1257.0	1.0	1262.0	0.0	2	vertical	1
60.575726							51.0	0.0	0.0	1135.0	0.0	0.0	0.0	2	vertical	1
60.675996							66.0	0.0	0.0	1147.0	0.0	0.0	0.0	2	vertical	1
60.777558							56.0	0.0	0.0	1162.0	0.0	0.0	0.0	2	vertical	1
60.879657	8.0	3.0	40.0	-46.0	92439.8	540.0	17.0	3.0	0.0	1224.0	3.0	5190.0	0.0	2	vertical	1
60.979883							39.0	0.0	0.0	1204.0	0.0	0.0	0.0	2	vertical	1
61.081034							69.0	0.0	0.0	1129.0	0.0	0.0	0.0	2	vertical	1
61.181154							26.0	0.0	0.0	1217.0	0.0	0.0	0.0	2	vertical	1
61.282119							69.0	0.0	0.0	1143.0	0.0	0.0	0.0	2	vertical	1
61.382958							62.0	0.0	0.0	1181.0	0.0	0.0	0.0	2	vertical	1
61.483558							84.0	0.0	0.0	1163.0	0.0	0.0	0.0	2	vertical	1
61.584989							78.0	0.0	0.0	1108.0	0.0	0.0	0.0	2	vertical	1
61.685473							68.0	0.0	0.0	1247.0	0.0	0.0	0.0	2	vertical	1
61.786021	8.0	3.0	80.0	-49.0	31407.8	1170.0	34.0	1.0	0.0	1195.0	1.0	2702.0	0.0	2	vertical	1
61.886459							40.0	0.0	0.0	1169.0	0.0	0.0	0.0	2	vertical	1
61.988146							13.0	0.0	0.0	1224.0	0.0	0.0	0.0	2	vertical	1
62.089325							38.0	0.0	0.0	1201.0	0.0	0.0	0.0	2	vertical	1
62.189941	8.0	3.0	40.0	-46.0	203704.0	540.0	53.0	7.0	0.0	1201.0	4.0	648.0	0.0	2	vertical	1
62.291167							21.0	0.0	0.0	1219.0	0.0	0.0	0.0	2	vertical	1
62.391963							19.0	0.0	0.0	1197.0	0.0	0.0	0.0	2	vertical	1
62.492683							68.0	0.0	0.0	1145.0	0.0	0.0	0.0	2	vertical	1
62.593555	8.0	3.0	80.0	-49.0	31307.0	1170.0	34.0	1.0	0.0	1198.0	1.0	1961.0	0.0	2	vertical	1
62.695026							35.0	0.0	0.0	1176.0	0.0	0.0	0.0	2	vertical	1
62.797135							38.0	0.0	0.0	1173.0	0.0	0.0	0.0	2	vertical	1
62.898412							46.0	0.0	0.0	1222.0	0.0	0.0	0.0	2	vertical	1
62.999911							4.0	0.0	0.0	1259.0	0.0	0.0	0.0	2	vertical	1
63.100280							31.0	0.0	0.0	1172.0	0.0	0.0	0.0	2	vertical	1
63.200394							36.0	0.0	0.0	1191.0	0.0	0.0	0.0	2	vertical	1
63.300699							10.0	0.0	0.0	1320.0	0.0	0.0	0.0	2	vertical	1
63.402501							14.0	0.0	0.0	1279.0	0.0	0.0	0.0	2	vertical	1
63.503006	8.0	3.0	80.0	-49.0	31302.0	1170.0	14.0	1.0	0.0	1201.0	1.0	1523.0	0.0	2	vertical	1
63.603007							21.0	0.0	0.0	1213.0	0.0	0.0	0.0	2	vertical	1
63.704076							2.0	0.0	0.0	1224.0	0.0	0.0	0.0	2	vertical	1
63.804569							55.0	0.0	0.0	1146.0	0.0	0.0	0.0	2	vertical	1
63.904816							49.0	0.0	0.0	1150.0	0.0	0.0	0.0	2	vertical	1
64.004934							24.0	0.0	0.0	1198.0	0.0	0.0	0.0	2	vertical	1
64.104962							40.0	0.0	0.0	1166.0	0.0	0.0	0.0	2	vertical	1
64.206142							7.0	0.0	0.0	1261.0	0.0	0.0	0.0	2	vertical	1
64.307762							29.0	0.0	0.0	1203.0	0.0	0.0	0.0	2	vertical	1
64.408140	9.0	3.0	80.0	-50.0	31341.3	1300.0	40.0	1.0	0.0	1150.0	1.0	3346.0	0.0	2	vertical	1
64.508481	8.0	3.0	40.0	-46.0	94059.1	540.0	27.0	3.0	3.0	1136.0	0.0	0.0	0.0	2	vertical	1
64.608811							47.0	0.0	0.0	1209.0	0.0	0.0	0.0	2	vertical	1
64.708899							34.0	0.0	0.0	1242.0	0.0	0.0	0.0	2	vertical	1
64.809393	8.0	3.0	80.0	-49.0	31424.7	1170.0	10.0	1.0	0.0	1196.0	1.0	3792.0	0.0	2	vertical	1
64.910540	8.0	3.0	40.0	-47.0	497771.0	540.0	41.0	16.0	0.0	1229.0	7.0	636.0	0.0	2	vertical	1
65.010923	8.0	3.0	80.0	-49.0	31339.9	1170.0	29.0	1.0	0.0	1249.0	1.0	1784.0	0.0	2	vertical	1
65.111399							3.0	0.0	0.0	1218.0	0.0	0.0	0.0	2	vertical	1
65.211829	8.5	3.0	80.0	-49.0	62770.3	1235.0	26.0	2.0	0.0	1175.0	2.0	3637.0	0.0	2	vertical	1
65.312347							40.0	0.0	0.0	1167.0	0.0	0.0	0.0	2	vertical	1
65.412445							65.0	0.0	0.0	1172.0	0.0	0.0	0.0	2	vertical	1
65.512856							46.0	0.0	0.0	1205.0	0.0	0.0	0.0	2	vertical	1
65.613186							60.0	0.0	0.0	1087.0	0.0	0.0	0.0	2	vertical	1
65.713475							64.0	0.0	0.0	1188.0	0.0	0.0	0.0	2	vertical	1
65.814542							5.0	0.0	0.0	1197.0	0.0	0.0	0.0	2	vertical	1
65.915876							62.0	0.0	0.0	1216.0	0.0	0.0	0.0	2	vertical	1
66.016877							41.0	0.0	0.0	1194.0	0.0	0.0	0.0	2	vertical	1
66.116929							37.0	0.0	0.0	1167.0	0.0	0.0	0.0	2	vertical	1
66.217121							32.0	0.0	0.0	1249.0	0.0	0.0	0.0	2	vertical	1
66.318320	8.0	3.0	80.0	-49.0	31087.2	1170.0	3.0	1.0	0.0	1239.0	1.0	3662.0	0.0	2	vertical	1
66.418414							37.0	0.0	0.0	1235.0	0.0	0.0	0.0	2	vertical	1
66.520144							54.0	0.0	0.0	1211.0	0.0	0.0	0.0	2	vertical	1
66.620424	8.0	3.0	40.0	-46.0	62863.9	540.0	81.0	2.0	0.0	1137.0	2.0	3817.0	0.0	2	vertical	1
66.722124							23.0	0.0	0.0	1175.0	0.0	0.0	0.0	2	vertical	1
66.823357							53.0	0.0	0.0	1217.0	0.0	0.0	0.0	2	vertical	1
66.924110							49.0	0.0	0.0	1177.0	0.0	0.0	0.0	2	vertical	1
67.024586							30.0	0.0	0.0	1164.0	0.0	0.0	0.0	2	vertical	1
67.125010							18.0	0.0	0.0	1189.0	0.0	0.0	0.0	2	vertical	1
67.225391	8.0	3.0	40.0	-46.0	219385.0	540.0	57.0	7.0	0.0	1188.0	5.0	2034.0	0.0	2	vertical	1
67.326361							39.0	0.0	0.0	1167.0	0.0	0.0	0.0	2	vertical	1
67.426704	8.0	3.0	40.0	-46.0	141554.0	540.0	65.0	5.0	0.0	1173.0	4.0	2435.0	0.0	2	vertical	1
67.527112	8.0	3.0	80.0	-50.0	31451.8	1170.0	46.0	1.0	0.0	1223.0	1.0	1852.0	0.0	2	vertical	1
67.628751							13.0	0.0	0.0	1241.0	0.0	0.0	0.0	2	vertical	1
67.729064	8.0	3.0	40.0	-46.0	62843.5	540.0	30.0	2.0	0.0	1211.0	2.0	1937.0	0.0	2	vertical	1
67.829784	8.0	3.0	80.0	-49.0	31354.3	1170.0	39.0	1.0	0.0	1174.0	1.0	1251.0	0.0	2	vertical	1
67.931158	8.0	3.0	80.0	-49.0	31151.8	1170.0	8.0	1.0	0.0	1219.0	1.0	1602.0	0.0	2	vertical	1
68.031263							20.0	0.0	0.0	1196.0	0.0	0.0	0.0	2	vertical	1
68.132670							6.0	0.0	0.0	1222.0	0.0	0.0	0.0	2	vertical	1
68.233033	8.0	3.0	80.0	-49.0	31465.7	1170.0	31.0	1.0	0.0	1198.0	1.0	3451.0	0.0	2	vertical	1
68.334113							39.0	0.0	0.0	1151.0	0.0	0.0	0.0	2	vertical	1
68.434259							44.0	0.0	0.0	1189.0	0.0	0.0	0.0	2	vertical	1
68.534818							26.0	0.0	0.0	1204.0	0.0	0.0	0.0	2	vertical	1
68.639016	9.0	3.0	80.0	-50.0	30192.3	1300.0	62.0	1.0	0.0	1217.0	1.0	1179.0	0.0	2	vertical	1
68.740022	8.0	3.0	80.0	-49.0	31265.4	1170.0	53.0	1.0	0.0	1239.0	1.0	319.0	0.0	2	vertical	1
68.841108							62.0	0.0	0.0	1223.0	0.0	0.0	0.0	2	vertical	1
68.941708							26.0	0.0	0.0	1238.0	0.0	0.0	0.0	2	vertical	1
69.042161	8.0	3.0	80.0	-49.0	31318.1	1170.0	45.0	1.0	0.0	1195.0	1.0	264.0	0.0	2	vertical	1
69.142447	8.0	3.0	80.0	-50.0	31490.1	1170.0	38.0	1.0	0.0	1190.0	1.0	1092.0	0.0	2	vertical	1
69.242930							3.0	0.0	0.0	1255.0	0.0	0.0	0.0	2	vertical	1
69.343160							18.0	0.0	0.0	1239.0	0.0	0.0	0.0	2	vertical	1
69.444238	9.0	3.0	80.0	-49.0	31243.2	1300.0	27.0	1.0	1.0	1196.0	0.0	0.0	0.0	2	vertical	1
69.545790							40.0	0.0	0.0	1189.0	0.0	0.0	0.0	2	vertical	1
69.645950	8.0	3.0	40.0	-46.0	251398.0	540.0	51.0	8.0	0.0	1170.0	6.0	1668.0	0.0	2	vertical	1
69.747169							38.0	0.0	0.0	1197.0	0.0	0.0	0.0	2	vertical	1
69.848382	8.0	3.0	40.0	-46.0	310827.0	540.0	72.0	10.0	0.0	1198.0	5.0	2443.0	0.0	2	vertical	1
69.949705							82.0	0.0	0.0	1168.0	0.0	0.0	0.0	2	vertical	1
70.049951							34.0	0.0	0.0	1157.0	0.0	0.0	0.0	2	vertical	1
70.151085							55.0	0.0	0.0	1214.0	0.0	0.0	0.0	2	vertical	1
70.252293							54.0	0.0	0.0	1257.0	0.0	0.0	0.0	2	vertical	1
70.353584							60.0	0.0	0.0	1256.0	0.0	0.0	0.0	2	vertical	1
70.454564							69.0	0.0	0.0	1187.0	0.0	0.0	0.0	2	vertical	1
70.556262							33.0	0.0	0.0	1078.0	0.0	0.0	0.0	2	vertical	1
70.657073							19.0	0.0	0.0	1242.0	0.0	0.0	0.0	2	vertical	1
70.757602	8.0	3.0	80.0	-50.0	31413.8	1170.0	49.0	1.0	0.0	1239.0	1.0	3151.0	0.0	2	vertical	1
70.859339							57.0	0.0	0.0	1181.0	0.0	0.0	0.0	2	vertical	1
70.961050	8.0	3.0	80.0	-49.0	30930.8	1170.0	19.0	1.0	0.0	1214.0	1.0	1089.0	0.0	2	vertical	1
71.061855							4.0	0.0	0.0	1221.0	0.0	0.0	0.0	2	vertical	1
71.162919	8.0	3.0	40.0	-46.0	31247.8	540.0	1.0	1.0	0.0	1286.0	1.0	3794.0	0.0	2	vertical	1
71.263076							52.0	0.0	0.0	1171.0	0.0	0.0	0.0	2	vertical	1
71.364219	9.0	3.0	80.0	-49.0	31104.6	1300.0	43.0	1.0	1.0	1222.0	0.0	0.0	0.0	2	vertical	1
71.464569							34.0	0.0	0.0	1168.0	0.0	0.0	0.0	2	vertical	1
71.565171	8.0	3.0	80.0	-49.0	31271.7	1170.0	19.0	1.0	0.0	1224.0	1.0	211.0	0.0	2	vertical	1
71.665504							38.0	0.0	0.0	1215.0	0.0	0.0	0.0	2	vertical	1
71.765635							51.0	0.0	0.0	1196.0	0.0	0.0	0.0	2	vertical	1
71.865927							34.0	0.0	0.0	1166.0	0.0	0.0	0.0	2	vertical	1
71.966824							55.0	0.0	0.0	1200.0	0.0	0.0	0.0	2	vertical	1
72.068340							83.0	0.0	0.0	1119.0	0.0	0.0	0.0	2	vertical	1
72.168602							72.0	0.0	0.0	1159.0	0.0	0.0	0.0	2	vertical	1
72.268611							36.0	0.0	0.0	1212.0	0.0	0.0	0.0	2	vertical	1
72.369317	9.0	3.0	40.0	-46.0	31239.7	600.0	39.0	1.0	0.0	1246.0	1.0	1137.0	0.0	2	vertical	1
72.469455	8.0	3.0	80.0	-49.5	63072.9	1170.0	21.0	2.0	0.0	1211.0	2.0	3397.0	0.0	2	vertical	1
72.570984							53.0	0.0	0.0	1181.0	0.0	0.0	0.0	2	vertical	1
72.673491							16.0	0.0	0.0	1242.0	0.0	0.0	0.0	2	vertical	1
72.774363							62.0	0.0	0.0	1123.0	0.0	0.0	0.0	2	vertical	1
72.875406							27.0	0.0	0.0	1215.0	0.0	0.0	0.0	2	vertical	1
72.975659	8.0	3.0	80.0	-49.5	62880.7	1170.0	38.0	2.0	0.0	1201.0	2.0	3867.0	0.0	2	vertical	1
73.076141							15.0	0.0	0.0	1186.0	0.0	0.0	0.0	2	vertical	1
73.177698							47.0	0.0	0.0	1183.0	0.0	0.0	0.0	2	vertical	1
73.277841							37.0	0.0	0.0	1165.0	0.0	0.0	0.0	2	vertical	1
73.379635	9.0	3.0	80.0	-49.0	30905.6	1300.0	37.0	1.0	0.0	1247.0	1.0	2891.0	0.0	2	vertical	1
73.479749							63.0	0.0	0.0	1233.0	0.0	0.0	0.0	2	vertical	1
73.580452							44.0	0.0	0.0	1179.0	0.0	0.0	0.0	2	vertical	1
73.680647	8.0	3.0	80.0	-50.0	31518.6	1170.0	20.0	1.0	0.0	1172.0	1.0	1899.0	0.0	2	vertical	1
73.781682							50.0	0.0	0.0	1191.0	0.0	0.0	0.0	2	vertical	1
73.883433							44.0	0.0	0.0	1244.0	0.0	0.0	0.0	2	vertical	1
73.983992	8.0	3.0	80.0	-50.0	31404.2	1170.0	5.0	1.0	0.0	1244.0	1.0	3422.0	0.0	2	vertical	1
74.084041							17.0	0.0	0.0	1220.0	0.0	0.0	0.0	2	vertical	1
74.185452							51.0	0.0	0.0	1214.0	0.0	0.0	0.0	2	vertical	1
74.286721							10.0	0.0	0.0	1279.0	0.0	0.0	0.0	2	vertical	1
74.386906							7.0	0.0	0.0	1250.0	0.0	0.0	0.0	2	vertical	1
74.488584							59.0	0.0	0.0	1189.0	0.0	0.0	0.0	2	vertical	1
74.588631							54.0	0.0	0.0	1178.0	0.0	0.0	0.0	2	vertical	1
74.689286							45.0	0.0	0.0	1168.0	0.0	0.0	0.0	2	vertical	1
74.789560							35.0	0.0	0.0	1177.0	0.0	0.0	0.0	2	vertical	1
74.890883							17.0	0.0	0.0	1283.0	0.0	0.0	0.0	2	vertical	1
74.991179	9.0	3.0	80.0	-50.0	31367.1	1300.0	56.0	1.0	0.0	1173.0	1.0	3854.0	0.0	2	vertical	1
75.093984	8.0	3.0	80.0	-50.0	30601.6	1170.0	58.0	1.0	0.0	1177.0	1.0	894.0	0.0	2	vertical	1
75.195069							52.0	0.0	0.0	1262.0	0.0	0.0	0.0	2	vertical	1
75.296448							46.0	0.0	0.0	1175.0	0.0	0.0	0.0	2	vertical	1
75.397050							68.0	0.0	0.0	1180.0	0.0	0.0	0.0	2	vertical	1
75.498420							44.0	0.0	0.0	1190.0	0.0	0.0	0.0	2	vertical	1
75.599934							54.0	0.0	0.0	1170.0	0.0	0.0	0.0	2	vertical	1
75.700586	9.0	3.0	80.0	-50.0	31256.4	1300.0	84.0	1.0	0.0	1119.0	1.0	1506.0	0.0	2	vertical	1
75.801724							2.0	0.0	0.0	1247.0	0.0	0.0	0.0	2	vertical	1
75.902861	7.0	3.0	80.0	-48.5	1680460.0	975.0	28.0	54.0	17.0	1171.0	25.0	12743.0	0.0	2	vertical	1
76.004660							13.0	0.0	0.0	1220.0	0.0	0.0	0.0	2	vertical	1
76.106224							30.0	0.0	0.0	1149.0	0.0	0.0	0.0	2	vertical	1
76.207129							37.0	0.0	0.0	1234.0	0.0	0.0	0.0	2	vertical	1
76.307857							12.0	0.0	0.0	1242.0	0.0	0.0	0.0	2	vertical	1
76.408539	8.0	3.0	80.0	-49.0	31366.0	1170.0	46.0	1.0	0.0	1263.0	1.0	2742.0	0.0	2	vertical	1
76.509974							44.0	0.0	0.0	1203.0	0.0	0.0	0.0	2	vertical	1
76.610696							22.0	0.0	0.0	1164.0	0.0	0.0	0.0	2	vertical	1
76.712125							4.0	0.0	0.0	1221.0	0.0	0.0	0.0	2	vertical	1
76.812277							45.0	0.0	0.0	1225.0	0.0	0.0	0.0	2	vertical	1
76.913622	8.0	3.0	80.0	-50.0	31160.9	1170.0	39.0	1.0	0.0	1144.0	1.0	3966.0	0.0	2	vertical	1
77.014801	8.0	3.0	80.0	-50.0	31212.1	1170.0	18.0	1.0	0.0	1241.0	1.0	1822.0	0.0	2	vertical	1
77.116407							53.0	0.0	0.0	1193.0	0.0	0.0	0.0	2	vertical	1
77.217521							47.0	0.0	0.0	1178.0	0.0	0.0	0.0	2	vertical	1
77.317543	9.0	3.0	80.0	-50.0	31453.1	1300.0	30.0	1.0	0.0	1131.0	1.0	1648.0	0.0	2	vertical	1
77.417916							32.0	0.0	0.0	1191.0	0.0	0.0	0.0	2	vertical	1
77.518907							51.0	0.0	0.0	1221.0	0.0	0.0	0.0	2	vertical	1
77.619430							20.0	0.0	0.0	1188.0	0.0	0.0	0.0	2	vertical	1
77.720764							55.0	0.0	0.0	1246.0	0.0	0.0	0.0	2	vertical	1
77.822020	8.0	3.0	80.0	-50.0	31069.8	1170.0	48.0	1.0	0.0	1215.0	1.0	187.0	0.0	2	vertical	1
77.923438							42.0	0.0	0.0	1242.0	0.0	0.0	0.0	2	vertical	1
78.024788							19.0	0.0	0.0	1241.0	0.0	0.0	0.0	2	vertical	1
78.126462							31.0	0.0	0.0	1244.0	0.0	0.0	0.0	2	vertical	1
78.226841							39.0	0.0	0.0	1200.0	0.0	0.0	0.0	2	vertical	1
78.327864							35.0	0.0	0.0	1187.0	0.0	0.0	0.0	2	vertical	1
78.429491	8.0	3.0	80.0	-50.0	62148.7	1170.0	10.0	2.0	0.0	1234.0	2.0	5577.0	0.0	2	vertical	1
78.531309							39.0	0.0	0.0	1228.0	0.0	0.0	0.0	2	vertical	1
78.632036							62.0	0.0	0.0	1147.0	0.0	0.0	0.0	2	vertical	1
78.732616	8.0	3.0	80.0	-50.0	31397.7	1170.0	56.0	1.0	0.0	1151.0	1.0	1423.0	0.0	2	vertical	1
78.833201							38.0	0.0	0.0	1209.0	0.0	0.0	0.0	2	vertical	1
78.934114							47.0	0.0	0.0	1221.0	0.0	0.0	0.0	2	vertical	1
79.035113							36.0	0.0	0.0	1182.0	0.0	0.0	0.0	2	vertical	1
79.136675							50.0	0.0	0.0	1192.0	0.0	0.0	0.0	2	vertical	1
79.237075							50.0	0.0	0.0	1197.0	0.0	0.0	0.0	2	vertical	1
79.338164							47.0	0.0	0.0	1220.0	0.0	0.0	0.0	2	vertical	1
79.438852							39.0	0.0	0.0	1217.0	0.0	0.0	0.0	2	vertical	1
79.539315							60.0	0.0	0.0	1117.0	0.0	0.0	0.0	2	vertical	1
79.639663							36.0	0.0	0.0	1159.0	0.0	0.0	0.0	2	vertical	1
79.739931	8.0	3.0	80.0	-49.0	31495.7	1170.0	96.0	1.0	0.0	1129.0	1.0	3340.0	0.0	2	vertical	1
79.840207	8.0	3.0	80.0	-49.0	31493.1	1170.0	24.0	1.0	0.0	1168.0	1.0	1112.0	0.0	2	vertical	1
79.941837	9.0	3.0	40.0	-47.0	61910.9	600.0	74.0	2.0	2.0	1146.0	0.0	0.0	0.0	2	vertical	1
80.042380							26.0	0.0	0.0	1226.0	0.0	0.0	0.0	2	vertical	1
80.143868							43.0	0.0	0.0	1196.0	0.0	0.0	0.0	2	vertical	1
80.244158							13.0	0.0	0.0	1218.0	0.0	0.0	0.0	2	vertical	1
80.344251							20.0	0.0	0.0	1189.0	0.0	0.0	0.0	2	vertical	1
80.444655							49.0	0.0	0.0	1216.0	0.0	0.0	0.0	2	vertical	1
80.544883							58.0	0.0	0.0	1156.0	0.0	0.0	0.0	2	vertical	1
80.645720							36.0	0.0	0.0	1221.0	0.0	0.0	0.0	2	vertical	1
80.746277							27.0	0.0	0.0	1255.0	0.0	0.0	0.0	2	vertical	1
80.847616							62.0	0.0	0.0	1218.0	0.0	0.0	0.0	2	vertical	1
80.948083							45.0	0.0	0.0	1159.0	0.0	0.0	0.0	2	vertical	1
81.048590							21.0	0.0	0.0	1203.0	0.0	0.0	0.0	2	vertical	1
81.148683							7.0	0.0	0.0	1223.0	0.0	0.0	0.0	2	vertical	1
81.249429							12.0	0.0	0.0	1220.0	0.0	0.0	0.0	2	vertical	1
81.351009							11.0	0.0	0.0	1242.0	0.0	0.0	0.0	2	vertical	1
81.451852	8.0	3.0	80.0	-49.0	31196.8	1170.0	36.0	1.0	0.0	1209.0	1.0	2631.0	0.0	2	vertical	1
81.552049							12.0	0.0	0.0	1275.0	0.0	0.0	0.0	2	vertical	1
81.652928							15.0	0.0	0.0	1238.0	0.0	0.0	0.0	2	vertical	1
81.754583							33.0	0.0	0.0	1214.0	0.0	0.0	0.0	2	vertical	1
81.854832							51.0	0.0	0.0	1130.0	0.0	0.0	0.0	2	vertical	1
81.955154	9.0	3.0	40.0	-47.0	31358.9	600.0	16.0	1.0	0.0	1219.0	1.0	488.0	0.0	2	vertical	1
82.055871							71.0	0.0	0.0	1085.0	0.0	0.0	0.0	2	vertical	1
82.157217							38.0	0.0	0.0	1227.0	0.0	0.0	0.0	2	vertical	1
82.258554	8.0	3.0	80.0	-50.0	31045.0	1170.0	37.0	1.0	0.0	1224.0	1.0	623.0	0.0	2	vertical	1
82.359116							69.0	0.0	0.0	1198.0	0.0	0.0	0.0	2	vertical	1
82.460184							29.0	0.0	0.0	1236.0	0.0	0.0	0.0	2	vertical	1
82.561169							41.0	0.0	0.0	1244.0	0.0	0.0	0.0	2	vertical	1
82.662318							27.0	0.0	0.0	1237.0	0.0	0.0	0.0	2	vertical	1
82.762969							47.0	0.0	0.0	1172.0	0.0	0.0	0.0	2	vertical	1
82.863994							62.0	0.0	0.0	1200.0	0.0	0.0	0.0	2	vertical	1
82.965720							21.0	0.0	0.0	1198.0	0.0	0.0	0.0	2	vertical	1
83.066363							33.0	0.0	0.0	1251.0	0.0	0.0	0.0	2	vertical	1
83.166953							65.0	0.0	0.0	1158.0	0.0	0.0	0.0	2	vertical	1
83.267465	8.0	3.0	80.0	-50.0	31419.1	1170.0	42.0	1.0	0.0	1121.0	1.0	2059.0	0.0	2	vertical	1
83.368201							36.0	0.0	0.0	1257.0	0.0	0.0	0.0	2	vertical	1
83.469319							56.0	0.0	0.0	1204.0	0.0	0.0	0.0	2	vertical	1
83.571008							21.0	0.0	0.0	1194.0	0.0	0.0	0.0	2	vertical	1
83.672171							60.0	0.0	0.0	1148.0	0.0	0.0	0.0	2	vertical	1
83.773043							30.0	0.0	0.0	1178.0	0.0	0.0	0.0	2	vertical	1
83.873357	8.0	3.0	80.0	-50.0	31480.9	1170.0	14.0	1.0	0.0	1190.0	1.0	1682.0	0.0	2	vertical	1
83.973455							26.0	0.0	0.0	1200.0	0.0	0.0	0.0	2	vertical	1
84.074132	9.0	3.0	80.0	-49.0	31248.5	1300.0	64.0	1.0	0.0	1203.0	1.0	1689.0	0.0	2	vertical	1
84.176187							53.0	0.0	0.0	1182.0	0.0	0.0	0.0	2	vertical	1
84.277364							35.0	0.0	0.0	1233.0	0.0	0.0	0.0	2	vertical	1
84.379641	8.0	3.0	80.0	-49.0	30877.1	1170.0	23.0	1.0	0.0	1229.0	1.0	3610.0	0.0	2	vertical	1
84.481025							22.0	0.0	0.0	1213.0	0.0	0.0	0.0	2	vertical	1
84.582335							37.0	0.0	0.0	1213.0	0.0	0.0	0.0	2	vertical	1
84.682968							17.0	0.0	0.0	1223.0	0.0	0.0	0.0	2	vertical	1
84.783430							33.0	0.0	0.0	1153.0	0.0	0.0	0.0	2	vertical	1
84.884637							27.0	0.0	0.0	1195.0	0.0	0.0	0.0	2	vertical	1
84.984739							59.0	0.0	0.0	1215.0	0.0	0.0	0.0	2	vertical	1
85.085332							41.0	0.0	0.0	1197.0	0.0	0.0	0.0	2	vertical	1
85.186788							39.0	0.0	0.0	1233.0	0.0	0.0	0.0	2	vertical	1
85.287782							76.0	0.0	0.0	1183.0	0.0	0.0	0.0	2	vertical	1
85.388154							29.0	0.0	0.0	1255.0	0.0	0.0	0.0	2	vertical	1
85.488412							37.0	0.0	0.0	1179.0	0.0	0.0	0.0	2	vertical	1
85.589645							53.0	0.0	0.0	1215.0	0.0	0.0	0.0	2	vertical	1
85.691232							53.0	0.0	0.0	1181.0	0.0	0.0	0.0	2	vertical	1
85.791261	9.0	3.0	80.0	-50.0	31450.8	1300.0	24.0	1.0	0.0	1170.0	1.0	2404.0	0.0	2	vertical	1
85.892854							27.0	0.0	0.0	1210.0	0.0	0.0	0.0	2	vertical	1
85.992946							39.0	0.0	0.0	1186.0	0.0	0.0	0.0	2	vertical	1
86.096550							45.0	0.0	0.0	1165.0	0.0	0.0	0.0	2	vertical	1
86.196714							30.0	0.0	0.0	1220.0	0.0	0.0	0.0	2	vertical	1
86.298036	9.0	3.0	80.0	-50.0	31168.0	1300.0	59.0	1.0	0.0	1166.0	1.0	158.0	0.0	2	vertical	1
86.399668							61.0	0.0	0.0	1181.0	0.0	0.0	0.0	2	vertical	1
86.500917							32.0	0.0	0.0	1285.0	0.0	0.0	0.0	2	vertical	1
86.602343							67.0	0.0	0.0	1125.0	0.0	0.0	0.0	2	vertical	1
86.702688	9.0	3.0	40.0	-46.0	62822.9	600.0	22.0	2.0	0.0	1193.0	2.0	224.0	0.0	2	vertical	1
86.803372							39.0	0.0	0.0	1246.0	0.0	0.0	0.0	2	vertical	1
86.903404							40.0	0.0	0.0	1183.0	0.0	0.0	0.0	2	vertical	1
87.003728							56.0	0.0	0.0	1211.0	0.0	0.0	0.0	2	vertical	1
87.104159	9.0	3.0	80.0	-49.5	62649.9	1300.0	46.0	2.0	0.0	1233.0	2.0	5666.0	0.0	2	vertical	1
87.204738	9.0	3.0	80.0	-50.0	31278.8	1300.0	39.0	1.0	0.0	1197.0	1.0	422.0	0.0	2	vertical	1
87.305754	9.0	3.0	40.0	-46.0	31262.6	600.0	79.0	1.0	1.0	1173.0	0.0	0.0	0.0	2	vertical	1
87.405809							33.0	0.0	0.0	1211.0	0.0	0.0	0.0	2	vertical	1
87.505960							40.0	0.0	0.0	1155.0	0.0	0.0	0.0	2	vertical	1
87.606362							66.0	0.0	0.0	1236.0	0.0	0.0	0.0	2	vertical	1
87.706626							47.0	0.0	0.0	1128.0	0.0	0.0	0.0	2	vertical	1
87.807175							46.0	0.0	0.0	1200.0	0.0	0.0	0.0	2	vertical	1
87.908213							77.0	0.0	0.0	1094.0	0.0	0.0	0.0	2	vertical	1
88.008282	8.0	3.0	40.0	-46.0	31438.5	540.0	43.0	1.0	0.0	1186.0	1.0	1768.0	0.0	2	vertical	1
88.108921							19.0	0.0	0.0	1190.0	0.0	0.0	0.0	2	vertical	1
88.209945							60.0	0.0	0.0	1200.0	0.0	0.0	0.0	2	vertical	1
88.311032							66.0	0.0	0.0	1170.0	0.0	0.0	0.0	2	vertical	1
88.412081							26.0	0.0	0.0	1221.0	0.0	0.0	0.0	2	vertical	1
88.512184							11.0	0.0	0.0	1217.0	0.0	0.0	0.0	2	vertical	1
88.612289							88.0	0.0	0.0	1167.0	0.0	0.0	0.0	2	vertical	1
88.713239							34.0	0.0	0.0	1243.0	0.0	0.0	0.0	2	vertical	1
88.815052							34.0	0.0	0.0	1198.0	0.0	0.0	0.0	2	vertical	1
88.915813							19.0	0.0	0.0	1239.0	0.0	0.0	0.0	2	vertical	1
89.016717							45.0	0.0	0.0	1194.0	0.0	0.0	0.0	2	vertical	1
89.118314	9.0	3.0	80.0	-50.0	30965.7	1300.0	52.0	1.0	0.0	1176.0	1.0	477.0	0.0	2	vertical	1
89.218838							23.0	0.0	0.0	1280.0	0.0	0.0	0.0	2	vertical	1
89.319888							19.0	0.0	0.0	1196.0	0.0	0.0	0.0	2	vertical	1
89.421160							12.0	0.0	0.0	1182.0	0.0	0.0	0.0	2	vertical	1
89.522749							62.0	0.0	0.0	1169.0	0.0	0.0	0.0	2	vertical	1
89.622923							47.0	0.0	0.0	1238.0	0.0	0.0	0.0	2	vertical	1
89.724490							38.0	0.0	0.0	1213.0	0.0	0.0	0.0	2	vertical	1
89.826125							17.0	0.0	0.0	1245.0	0.0	0.0	0.0	2	vertical	1
89.926949							10.0	0.0	0.0	1215.0	0.0	0.0	0.0	2	vertical	1
90.028259							38.0	0.0	0.0	1220.0	0.0	0.0	0.0	2	vertical	1
90.128623	9.0	3.0	80.0	-50.0	31346.2	1300.0	31.0	1.0	1.0	1203.0	0.0	0.0	0.0	2	vertical	1
90.230126							66.0	0.0	0.0	1194.0	0.0	0.0	0.0	2	vertical	1
90.330428							36.0	0.0	0.0	1125.0	0.0	0.0	0.0	2	vertical	1
90.432242							36.0	0.0	0.0	1175.0	0.0	0.0	0.0	2	vertical	1
90.533960							46.0	0.0	0.0	1185.0	0.0	0.0	0.0	2	vertical	1
90.635884							41.0	0.0	0.0	1157.0	0.0	0.0	0.0	2	vertical	1
90.737491							48.0	0.0	0.0	1143.0	0.0	0.0	0.0	2	vertical	1
90.839376							59.0	0.0	0.0	1201.0	0.0	0.0	0.0	2	vertical	1
90.939967							53.0	0.0	0.0	1168.0	0.0	0.0	0.0	2	vertical	1
91.042237							21.0	0.0	0.0	1180.0	0.0	0.0	0.0	2	vertical	1
91.143533							48.0	0.0	0.0	1191.0	0.0	0.0	0.0	2	vertical	1
91.246821	8.0	3.0	80.0	-50.0	30574.8	1170.0	40.0	1.0	0.0	1197.0	1.0	139.0	0.0	2	vertical	1
91.346972							52.0	0.0	0.0	1172.0	0.0	0.0	0.0	2	vertical	1
91.447519							11.0	0.0	0.0	1286.0	0.0	0.0	0.0	2	vertical	1
91.547758							56.0	0.0	0.0	1210.0	0.0	0.0	0.0	2	vertical	1
91.647946							11.0	0.0	0.0	1222.0	0.0	0.0	0.0	2	vertical	1
91.749543							27.0	0.0	0.0	1216.0	0.0	0.0	0.0	2	vertical	1
91.849632							27.0	0.0	0.0	1175.0	0.0	0.0	0.0	2	vertical	1
91.951216	8.0	3.0	80.0	-50.0	31087.7	1170.0	30.0	1.0	0.0	1218.0	1.0	1456.0	0.0	2	vertical	1
92.053508							25.0	0.0	0.0	1236.0	0.0	0.0	0.0	2	vertical	1
92.155192							14.0	0.0	0.0	1265.0	0.0	0.0	0.0	2	vertical	1
92.255896							39.0	0.0	0.0	1237.0	0.0	0.0	0.0	2	vertical	1
92.356984							56.0	0.0	0.0	1176.0	0.0	0.0	0.0	2	vertical	1
92.458555							52.0	0.0	0.0	1203.0	0.0	0.0	0.0	2	vertical	1
92.560094							50.0	0.0	0.0	1196.0	0.0	0.0	0.0	2	vertical	1
92.660677	8.0	3.0	80.0	-50.0	31397.1	1170.0	66.0	1.0	0.0	1163.0	1.0	3964.0	0.0	2	vertical	1
92.761886							47.0	0.0	0.0	1204.0	0.0	0.0	0.0	2	vertical	1
92.864347							28.0	0.0	0.0	1231.0	0.0	0.0	0.0	2	vertical	1
92.965137							53.0	0.0	0.0	1203.0	0.0	0.0	0.0	2	vertical	1
93.065169	8.0	3.0	80.0	-50.0	31569.9	1170.0	28.0	1.0	0.0	1162.0	1.0	965.0	0.0	2	vertical	1
93.167195							40.0	0.0	0.0	1140.0	0.0	0.0	0.0	2	vertical	1
93.267700							61.0	0.0	0.0	1178.0	0.0	0.0	0.0	2	vertical	1
93.368339							25.0	0.0	0.0	1217.0	0.0	0.0	0.0	2	vertical	1
93.469922							58.0	0.0	0.0	1229.0	0.0	0.0	0.0	2	vertical	1
93.571217							37.0	0.0	0.0	1222.0	0.0	0.0	0.0	2	vertical	1
93.671283							27.0	0.0	0.0	1230.0	0.0	0.0	0.0	2	vertical	1
93.772526							29.0	0.0	0.0	1152.0	0.0	0.0	0.0	2	vertical	1
93.873553							80.0	0.0	0.0	1173.0	0.0	0.0	0.0	2	vertical	1
93.973819	8.0	3.0	80.0	-50.0	31496.3	1170.0	59.0	1.0	0.0	1222.0	1.0	2307.0	0.0	2	vertical	1
94.075040							47.0	0.0	0.0	1238.0	0.0	0.0	0.0	2	vertical	1
94.176739							39.0	0.0	0.0	1172.0	0.0	0.0	0.0	2	vertical	1
94.278111							23.0	0.0	0.0	1195.0	0.0	0.0	0.0	2	vertical	1
94.379634							29.0	0.0	0.0	1244.0	0.0	0.0	0.0	2	vertical	1
94.481878							27.0	0.0	0.0	1259.0	0.0	0.0	0.0	2	vertical	1
94.582331							57.0	0.0	0.0	1215.0	0.0	0.0	0.0	2	vertical	1
94.683127							40.0	0.0	0.0	1228.0	0.0	0.0	0.0	2	vertical	1
94.783991							44.0	0.0	0.0	1217.0	0.0	0.0	0.0	2	vertical	1
94.885520	8.0	3.0	80.0	-50.0	31104.7	1170.0	45.0	1.0	0.0	1221.0	1.0	1989.0	0.0	2	vertical	1
94.986516							36.0	0.0	0.0	1166.0	0.0	0.0	0.0	2	vertical	1
95.087932							54.0	0.0	0.0	1155.0	0.0	0.0	0.0	2	vertical	1
95.189399							32.0	0.0	0.0	1257.0	0.0	0.0	0.0	2	vertical	1
95.290887	8.0	3.0	80.0	-49.0	31116.8	1170.0	15.0	1.0	0.0	1229.0	1.0	462.0	0.0	2	vertical	1
95.390941	8.0	3.0	40.0	-46.0	408878.0	540.0	56.0	13.0	0.0	1143.0	8.0	2061.0	0.0	2	vertical	1
95.491435							19.0	0.0	0.0	1191.0	0.0	0.0	0.0	2	vertical	1
95.592036							20.0	0.0	0.0	1222.0	0.0	0.0	0.0	2	vertical	1
95.692870							8.0	0.0	0.0	1215.0	0.0	0.0	0.0	2	vertical	1
95.794683							34.0	0.0	0.0	1216.0	0.0	0.0	0.0	2	vertical	1
95.895748							31.0	0.0	0.0	1204.0	0.0	0.0	0.0	2	vertical	1
95.996995							10.0	0.0	0.0	1255.0	0.0	0.0	0.0	2	vertical	1
96.098070	8.0	3.0	40.0	-45.0	404628.0	540.0	57.0	13.0	0.0	1154.0	7.0	4085.0	0.0	2	vertical	1
96.199557	8.0	3.0	80.0	-48.5	62234.7	1170.0	27.0	2.0	0.0	1224.0	2.0	3279.0	0.0	2	vertical	1
96.300379	8.0	3.0	42.8571	-46.1429	436966.0	585.0	51.0	14.0	13.0	1121.0	1.0	3478.0	0.0	2	vertical	1
96.400694	8.0	3.0	40.0	-45.0	62723.0	540.0	51.0	2.0	1.0	1174.0	1.0	924.0	0.0	2	vertical	1
96.500810							87.0	0.0	0.0	1173.0	0.0	0.0	0.0	2	vertical	1
96.602249	9.0	3.0	80.0	-49.0	31013.6	1300.0	62.0	1.0	1.0	1219.0	0.0	0.0	0.0	2	vertical	1
96.702534							87.0	0.0	0.0	1145.0	0.0	0.0	0.0	2	vertical	1
96.803894	8.0	3.0	40.0	-45.0	279458.0	540.0	5.0	9.0	0.0	1251.0	5.0	857.0	0.0	2	vertical	1
96.904693							24.0	0.0	0.0	1189.0	0.0	0.0	0.0	2	vertical	1
97.005152	8.0	3.0	80.0	-48.0	31316.1	1170.0	49.0	1.0	0.0	1148.0	1.0	2858.0	0.0	2	vertical	1
97.105509							35.0	0.0	0.0	1221.0	0.0	0.0	0.0	2	vertical	1
97.206190							35.0	0.0	0.0	1173.0	0.0	0.0	0.0	2	vertical	1
97.306345	8.0	3.0	44.0	-45.3	314234.0	603.0	10.0	10.0	2.0	1175.0	4.0	3290.0	0.0	2	vertical	1
97.406423	9.0	3.0	80.0	-49.0	31555.3	1300.0	19.0	1.0	0.0	1208.0	1.0	655.0	0.0	2	vertical	1
97.506850							38.0	0.0	0.0	1220.0	0.0	0.0	0.0	2	vertical	1
97.609305							54.0	0.0	0.0	1135.0	0.0	0.0	0.0	2	vertical	1
97.709428							25.0	0.0	0.0	1255.0	0.0	0.0	0.0	2	vertical	1
97.809911	7.0	3.0	80.0	-47.433	8158710.0	975.0	27.0	261.0	8.0	1160.0	111.0	25968.0	0.0	2	vertical	1
97.910395	7.0	3.0	80.0	-47.5519	15972500.0	975.0	0.0	511.0	5.0	1235.0	225.0	78551.0	0.0	2	vertical	1
98.011629	7.0	3.0	80.0	-47.5705	4616390.0	975.0	19.0	149.0	0.0	1224.0	77.0	41147.0	0.0	2	vertical	1
98.112141							23.0	0.0	0.0	1279.0	0.0	0.0	0.0	2	vertical	1
98.212496							28.0	0.0	0.0	1176.0	0.0	0.0	0.0	2	vertical	1
98.312836							48.0	0.0	0.0	1197.0	0.0	0.0	0.0	2	vertical	1
98.412967							38.0	0.0	0.0	1178.0	0.0	0.0	0.0	2	vertical	1
98.513839	8.0	3.0	40.0	-45.0	312000.0	540.0	61.0	10.0	0.0	1098.0	4.0	1692.0	0.0	2	vertical	1
98.615057							31.0	0.0	0.0	1212.0	0.0	0.0	0.0	2	vertical	1
98.716031							23.0	0.0	0.0	1184.0	0.0	0.0	0.0	2	vertical	1
98.817581							72.0	0.0	0.0	1122.0	0.0	0.0	0.0	2	vertical	1
98.918008							33.0	0.0	0.0	1171.0	0.0	0.0	0.0	2	vertical	1
99.018461							96.0	0.0	0.0	1129.0	0.0	0.0	0.0	2	vertical	1
99.118725							19.0	0.0	0.0	1184.0	0.0	0.0	0.0	2	vertical	1
99.220135							131.0	0.0	0.0	1088.0	0.0	0.0	0.0	2	vertical	1
99.320470							10.0	0.0	0.0	1180.0	0.0	0.0	0.0	2	vertical	1
99.421564							49.0	0.0	0.0	1174.0	0.0	0.0	0.0	2	vertical	1
99.521870	8.0	3.0	40.0	-45.6111	564553.0	540.0	31.0	18.0	0.0	1131.0	14.0	4283.0	0.0	2	vertical	1
99.622319							15.0	0.0	0.0	1194.0	0.0	0.0	0.0	2	vertical	1
99.723137	8.0	3.0	40.0	-45.125	234502.0	540.0	51.0	8.0	0.0	1186.0	5.0	2194.0	0.0	2	vertical	1
99.824253	8.0	3.0	80.0	-48.0	31231.5	1170.0	88.0	1.0	0.0	1180.0	1.0	3237.0	0.0	2	vertical	1
99.925733							62.0	0.0	0.0	1201.0	0.0	0.0	0.0	2	vertical	1
100.027439							45.0	0.0	0.0	1208.0	0.0	0.0	0.0	2	vertical	1
100.127578	8.0	3.0	40.0	-45.0	282747.0	540.0	24.0	9.0	0.0	1227.0	7.0	1733.0	0.0	2	vertical	1
100.229054	8.0	3.0	40.0	-45.0	434151.0	540.0	7.0	14.0	0.0	1254.0	7.0	956.0	0.0	2	vertical	1
100.329746	9.0	3.0	80.0	-48.0	31243.7	1300.0	62.0	1.0	0.0	1134.0	1.0	560.0	0.0	2	vertical	1
100.430153							26.0	0.0	0.0	1213.0	0.0	0.0	0.0	2	vertical	1
100.532493	7.0	3.0	80.0	-47.569	1768510.0	975.0	25.0	58.0	11.0	1244.0	30.0	6914.0	0.0	2	vertical	1
100.633982	8.0	3.0	40.0	-46.0	297224.0	540.0	97.0	10.0	0.0	1172.0	6.0	596.0	0.0	2	vertical	1
100.735225							72.0	0.0	0.0	1156.0	0.0	0.0	0.0	2	vertical	1
100.837063	8.0	3.0	80.0	-48.0	30892.2	1170.0	75.0	1.0	0.0	1112.0	1.0	2844.0	0.0	2	vertical	1
100.937468							38.0	0.0	0.0	1190.0	0.0	0.0	0.0	2	vertical	1
101.037675							84.0	0.0	0.0	1142.0	0.0	0.0	0.0	2	vertical	1
101.140996							14.0	0.0	0.0	1223.0	0.0	0.0	0.0	2	vertical	1
101.241962							71.0	0.0	0.0	1129.0	0.0	0.0	0.0	2	vertical	1
101.342722							10.0	0.0	0.0	1216.0	0.0	0.0	0.0	2	vertical	1
101.444279							39.0	0.0	0.0	1141.0	0.0	0.0	0.0	2	vertical	1
101.545599							14.0	0.0	0.0	1183.0	0.0	0.0	0.0	2	vertical	1
101.646258							61.0	0.0	0.0	1168.0	0.0	0.0	0.0	2	vertical	1
101.746553							41.0	0.0	0.0	1092.0	0.0	0.0	0.0	2	vertical	1
101.848087	8.0	3.0	40.0	-45.0	402918.0	540.0	49.0	13.0	0.0	1183.0	5.0	3037.0	0.0	2	vertical	1
101.949504							11.0	0.0	0.0	1241.0	0.0	0.0	0.0	2	vertical	1
102.050162	8.0	3.0	40.0	-45.0	156391.0	540.0	40.0	5.0	0.0	1152.0	4.0	6611.0	0.0	2	vertical	1
102.152030							44.0	0.0	0.0	1089.0	0.0	0.0	0.0	2	vertical	1
102.252522	8.0	3.0	80.0	-49.0	31305.9	1170.0	21.0	1.0	0.0	1234.0	1.0	2074.0	0.0	2	vertical	1
102.352845							24.0	0.0	0.0	1241.0	0.0	0.0	0.0	2	vertical	1
102.453626							40.0	0.0	0.0	1217.0	0.0	0.0	0.0	2	vertical	1
102.554032	8.0	3.0	40.0	-45.0	344780.0	540.0	20.0	11.0	0.0	1132.0	7.0	8149.0	0.0	2	vertical	1
102.654134							42.0	0.0	0.0	1146.0	0.0	0.0	0.0	2	vertical	1
102.756335							27.0	0.0	0.0	1175.0	0.0	0.0	0.0	2	vertical	1
102.856349							39.0	0.0	0.0	1169.0	0.0	0.0	0.0	2	vertical	1
102.957488	8.0	3.0	80.0	-49.0	62329.9	1170.0	10.0	2.0	0.0	1199.0	2.0	8091.0	0.0	2	vertical	1
103.058562							69.0	0.0	0.0	1152.0	0.0	0.0	0.0	2	vertical	1
103.158931							75.0	0.0	0.0	1135.0	0.0	0.0	0.0	2	vertical	1
103.259667							29.0	0.0	0.0	1148.0	0.0	0.0	0.0	2	vertical	1
103.360442							35.0	0.0	0.0	1216.0	0.0	0.0	0.0	2	vertical	1
103.460515							25.0	0.0	0.0	1170.0	0.0	0.0	0.0	2	vertical	1
103.562001	8.0	3.0	40.0	-46.0	92998.6	540.0	96.0	3.0	1.0	1051.0	2.0	3305.0	0.0	2	vertical	1
103.662323							42.0	0.0	0.0	1185.0	0.0	0.0	0.0	2	vertical	1
103.762527	8.0	3.0	80.0	-48.0	31396.0	1170.0	24.0	1.0	0.0	1214.0	1.0	3958.0	0.0	2	vertical	1
103.862991							17.0	0.0	0.0	1135.0	0.0	0.0	0.0	2	vertical	1
103.964608							46.0	0.0	0.0	1199.0	0.0	0.0	0.0	2	vertical	1
104.067012							45.0	0.0	0.0	1211.0	0.0	0.0	0.0	2	vertical	1
104.167056							55.0	0.0	0.0	1224.0	0.0	0.0	0.0	2	vertical	1
104.267097							59.0	0.0	0.0	1150.0	0.0	0.0	0.0	2	vertical	1
104.367814							43.0	0.0	0.0	1164.0	0.0	0.0	0.0	2	vertical	1
104.468593							24.0	0.0	0.0	1207.0	0.0	0.0	0.0	2	vertical	1
104.569472							60.0	0.0	0.0	1078.0	0.0	0.0	0.0	2	vertical	1
104.671183							23.0	0.0	0.0	1261.0	0.0	0.0	0.0	2	vertical	1
104.771561							56.0	0.0	0.0	1156.0	0.0	0.0	0.0	2	vertical	1
104.871630							32.0	0.0	0.0	1194.0	0.0	0.0	0.0	2	vertical	1
104.972367							22.0	0.0	0.0	1211.0	0.0	0.0	0.0	2	vertical	1
105.073028							20.0	0.0	0.0	1223.0	0.0	0.0	0.0	2	vertical	1
105.174562							23.0	0.0	0.0	1222.0	0.0	0.0	0.0	2	vertical	1
105.275982	8.0	3.0	80.0	-48.0	31019.5	1170.0	33.0	1.0	0.0	1236.0	1.0	3687.0	0.0	2	vertical	1
105.377449							27.0	0.0	0.0	1234.0	0.0	0.0	0.0	2	vertical	1
105.477490							30.0	0.0	0.0	1266.0	0.0	0.0	0.0	2	vertical	1
105.578233							22.0	0.0	0.0	1176.0	0.0	0.0	0.0	2	vertical	1
105.680027							20.0	0.0	0.0	1218.0	0.0	0.0	0.0	2	vertical	1
105.781737	8.0	3.0	80.0	-48.0	31049.0	1170.0	49.0	1.0	0.0	1190.0	1.0	2679.0	0.0	2	vertical	1
105.882336							33.0	0.0	0.0	1223.0	0.0	0.0	0.0	2	vertical	1
105.983066	8.0	3.0	40.0	-46.0	437368.0	540.0	110.0	14.0	0.0	1126.0	5.0	2355.0	0.0	2	vertical	1
106.084074							50.0	0.0	0.0	1176.0	0.0	0.0	0.0	2	vertical	1
106.184346							36.0	0.0	0.0	1189.0	0.0	0.0	0.0	2	vertical	1
106.285049							27.0	0.0	0.0	1154.0	0.0	0.0	0.0	2	vertical	1
106.386872							17.0	0.0	0.0	1197.0	0.0	0.0	0.0	2	vertical	1
106.488565							4.0	0.0	0.0	1264.0	0.0	0.0	0.0	2	vertical	1
106.590038							17.0	0.0	0.0	1216.0	0.0	0.0	0.0	2	vertical	1
106.690698							25.0	0.0	0.0	1243.0	0.0	0.0	0.0	2	vertical	1
106.791987	8.0	3.0	80.0	-48.0	31059.8	1170.0	12.0	1.0	0.0	1260.0	1.0	1459.0	0.0	2	vertical	1
106.892324	7.01724	3.0	79.3103	-47.6207	3637810.0	967.5	34.0	116.0	7.0	1178.0	53.0	15884.0	0.0	2	vertical	1
106.992981	7.0	3.0	80.0	-47.4032	7737660.0	975.0	4.0	248.0	12.0	1210.0	105.0	43376.0	0.0	2	vertical	1
107.093573							26.0	0.0	0.0	1221.0	0.0	0.0	0.0	2	vertical	1
107.193896	8.0	3.0	40.0	-45.0	110224.0	540.0	28.0	4.0	0.0	1240.0	3.0	2075.0	0.0	2	vertical	1
107.295030	8.0	3.0	40.0	-46.0	497838.0	540.0	40.0	16.0	0.0	1177.0	6.0	1581.0	0.0	2	vertical	1
107.396152							24.0	0.0	0.0	1194.0	0.0	0.0	0.0	2	vertical	1
107.497010							19.0	0.0	0.0	1260.0	0.0	0.0	0.0	2	vertical	1
107.597668	8.0	3.0	40.0	-46.0	531446.0	540.0	23.0	17.0	0.0	1198.0	13.0	11873.0	0.0	2	vertical	1
107.698784							14.0	0.0	0.0	1289.0	0.0	0.0	0.0	2	vertical	1
107.798840							30.0	0.0	0.0	1250.0	0.0	0.0	0.0	2	vertical	1
107.899884							37.0	0.0	0.0	1228.0	0.0	0.0	0.0	2	vertical	1
108.000996							63.0	0.0	0.0	1134.0	0.0	0.0	0.0	2	vertical	1
108.101410							48.0	0.0	0.0	1168.0	0.0	0.0	0.0	2	vertical	1
108.201479							39.0	0.0	0.0	1171.0	0.0	0.0	0.0	2	vertical	1
108.302242							40.0	0.0	0.0	1219.0	0.0	0.0	0.0	2	vertical	1
108.403362	8.0	3.0	40.0	-46.0	404568.0	540.0	9.0	13.0	0.0	1233.0	5.0	1565.0	0.0	2	vertical	1
108.503578	8.0	3.0	40.0	-45.0	690748.0	540.0	26.0	22.0	1.0	1217.0	9.0	9466.0	0.0	2	vertical	1
108.604013							14.0	0.0	0.0	1227.0	0.0	0.0	0.0	2	vertical	1
108.705595							8.0	0.0	0.0	1253.0	0.0	0.0	0.0	2	vertical	1
108.807453	7.0	3.0	80.0	-47.4167	1483110.0	975.0	16.0	48.0	10.0	1272.0	22.0	7075.0	0.0	2	vertical	1
108.907515	8.0	3.0	80.0	-48.0	31560.6	1170.0	27.0	1.0	0.0	1157.0	1.0	2597.0	0.0	2	vertical	1
109.007519	7.0	3.0	80.0	-47.0847	1856300.0	975.0	38.0	59.0	7.0	1160.0	15.0	783.0	0.0	2	vertical	1
109.108444	7.0	3.0	80.0	-47.4345	14967100.0	975.0	0.0	481.0	6.0	1224.0	216.0	94949.0	0.0	2	vertical	1
109.208569	7.0	3.0	80.0	-47.2742	5830470.0	975.0	24.0	186.0	2.0	1173.0	82.0	32964.0	0.0	2	vertical	1
109.309186							27.0	0.0	0.0	1173.0	0.0	0.0	0.0	2	vertical	1
109.410099	8.0	3.0	80.0	-48.0	31175.2	1170.0	53.0	1.0	0.0	1218.0	1.0	2581.0	0.0	2	vertical	1
109.510803							71.0	0.0	0.0	1090.0	0.0	0.0	0.0	2	vertical	1
109.611458							30.0	0.0	0.0	1161.0	0.0	0.0	0.0	2	vertical	1
109.712180							68.0	0.0	0.0	1178.0	0.0	0.0	0.0	2	vertical	1
109.813356	8.0	3.0	40.0	-45.0	31213.1	540.0	4.0	1.0	1.0	1220.0	0.0	0.0	0.0	2	vertical	1
109.913444	8.0	3.0	40.0	-46.0	188594.0	540.0	38.0	6.0	6.0	1199.0	0.0	0.0	0.0	2	vertical	1
110.013949	8.0	3.0	80.0	-48.0	31301.9	1170.0	30.0	1.0	0.0	1166.0	1.0	2755.0	0.0	2	vertical	1
110.114444	8.0	3.0	80.0	-48.0	31424.3	1170.0	15.0	1.0	0.0	1198.0	1.0	1011.0	0.0	2	vertical	1
110.214944							35.0	0.0	0.0	1174.0	0.0	0.0	0.0	2	vertical	1
110.315408	8.0	3.0	80.0	-48.0	31433.9	1170.0	14.0	1.0	0.0	1242.0	1.0	2904.0	0.0	2	vertical	1
110.415459							79.0	0.0	0.0	1140.0	0.0	0.0	0.0	2	vertical	1
110.516751							85.0	0.0	0.0	1154.0	0.0	0.0	0.0	2	vertical	1
110.616863	8.0	3.0	44.0	-46.2	314370.0	603.0	13.0	10.0	9.0	1152.0	1.0	3540.0	0.0	2	vertical	1
110.718107							45.0	0.0	0.0	1191.0	0.0	0.0	0.0	2	vertical	1
110.818440							31.0	0.0	0.0	1110.0	0.0	0.0	0.0	2	vertical	1
110.919018							17.0	0.0	0.0	1220.0	0.0	0.0	0.0	2	vertical	1
111.019210	8.0	3.0	80.0	-49.0	31519.4	1170.0	4.0	1.0	0.0	1192.0	1.0	447.0	0.0	2	vertical	1
111.119409	8.0	3.0	40.0	-46.0	282577.0	540.0	16.0	9.0	0.0	1196.0	5.0	549.0	0.0	2	vertical	1
111.220405							21.0	0.0	0.0	1216.0	0.0	0.0	0.0	2	vertical	1
111.322056							9.0	0.0	0.0	1199.0	0.0	0.0	0.0	2	vertical	1
111.423377							36.0	0.0	0.0	1219.0	0.0	0.0	0.0	2	vertical	1
111.525120							90.0	0.0	0.0	1064.0	0.0	0.0	0.0	2	vertical	1
111.625625	7.0	3.0	80.0	-47.5	1189940.0	975.0	38.0	38.0	5.0	1098.0	24.0	6175.0	0.0	2	vertical	1
111.725946	8.0	3.0	40.0	-45.0	376433.0	540.0	31.0	12.0	0.0	1216.0	7.0	1518.0	0.0	2	vertical	1
111.826217	9.0	3.0	80.0	-48.0	31375.1	1300.0	55.0	1.0	0.0	1158.0	1.0	1617.0	0.0	2	vertical	1
111.926815							53.0	0.0	0.0	1144.0	0.0	0.0	0.0	2	vertical	1
112.027753							37.0	0.0	0.0	1173.0	0.0	0.0	0.0	2	vertical	1
112.129255	8.0	3.0	40.0	-45.0	341059.0	540.0	10.0	11.0	11.0	1214.0	0.0	0.0	0.0	2	vertical	1
112.229537	8.0	3.0	80.0	-49.0	31371.4	1170.0	25.0	1.0	0.0	1218.0	1.0	3493.0	0.0	2	vertical	1
112.329734	8.0	3.0	44.4444	-45.3333	282703.0	610.0	5.0	9.0	0.0	1218.0	6.0	2277.0	0.0	2	vertical	1
112.430171							64.0	0.0	0.0	1167.0	0.0	0.0	0.0	2	vertical	1
112.530338	8.0	3.0	80.0	-48.0	31527.4	1170.0	18.0	1.0	0.0	1241.0	1.0	1997.0	0.0	2	vertical	1
112.631961							19.0	0.0	0.0	1244.0	0.0	0.0	0.0	2	vertical	1
112.732081							70.0	0.0	0.0	1125.0	0.0	0.0	0.0	2	vertical	1
112.832370	8.0	3.0	80.0	-49.0	31369.4	1170.0	25.0	1.0	0.0	1250.0	1.0	4041.0	0.0	2	vertical	1
112.932540	8.0	3.0	80.0	-48.0	31526.4	1170.0	74.0	1.0	0.0	1159.0	1.0	902.0	0.0	2	vertical	1
113.032976							46.0	0.0	0.0	1159.0	0.0	0.0	0.0	2	vertical	1
113.133035							21.0	0.0	0.0	1190.0	0.0	0.0	0.0	2	vertical	1
113.234277							79.0	0.0	0.0	1131.0	0.0	0.0	0.0	2	vertical	1
113.335788							38.0	0.0	0.0	1154.0	0.0	0.0	0.0	2	vertical	1
113.436389	8.0	3.0	40.0	-45.0	187632.0	540.0	74.0	6.0	6.0	1082.0	0.0	0.0	0.0	2	vertical	1
113.536520							11.0	0.0	0.0	1236.0	0.0	0.0	0.0	2	vertical	1
113.636724							39.0	0.0	0.0	1157.0	0.0	0.0	0.0	2	vertical	1
113.738143							11.0	0.0	0.0	1243.0	0.0	0.0	0.0	2	vertical	1
113.838184							17.0	0.0	0.0	1198.0	0.0	0.0	0.0	2	vertical	1
113.938450							18.0	0.0	0.0	1195.0	0.0	0.0	0.0	2	vertical	1
114.039695	8.0	3.0	40.0	-45.0	217511.0	540.0	26.0	7.0	0.0	1199.0	5.0	932.0	0.0	2	vertical	1
114.140519							21.0	0.0	0.0	1280.0	0.0	0.0	0.0	2	vertical	1
114.241658							34.0	0.0	0.0	1222.0	0.0	0.0	0.0	2	vertical	1
114.341914	8.0	3.0	40.0	-45.0	361336.0	540.0	29.0	12.0	0.0	1205.0	9.0	6754.0	0.0	2	vertical	1
114.442409							30.0	0.0	0.0	1176.0	0.0	0.0	0.0	2	vertical	1
114.543836	8.0	3.0	80.0	-49.0	31135.6	1170.0	6.0	1.0	0.0	1226.0	1.0	3233.0	0.0	2	vertical	1
114.647867							22.0	0.0	0.0	1150.0	0.0	0.0	0.0	2	vertical	1
114.749792							21.0	0.0	0.0	1220.0	0.0	0.0	0.0	2	vertical	1
114.850266							23.0	0.0	0.0	1148.0	0.0	0.0	0.0	2	vertical	1
114.952424							27.0	0.0	0.0	1234.0	0.0	0.0	0.0	2	vertical	1
115.053600							49.0	0.0	0.0	1157.0	0.0	0.0	0.0	2	vertical	1
115.153876							45.0	0.0	0.0	1174.0	0.0	0.0	0.0	2	vertical	1
115.255181							12.0	0.0	0.0	1242.0	0.0	0.0	0.0	2	vertical	1
115.357018							22.0	0.0	0.0	1181.0	0.0	0.0	0.0	2	vertical	1
115.457101							5.0	0.0	0.0	1229.0	0.0	0.0	0.0	2	vertical	1
115.559189							17.0	0.0	0.0	1225.0	0.0	0.0	0.0	2	vertical	1
115.660195							64.0	0.0	0.0	1150.0	0.0	0.0	0.0	2	vertical	1
115.761403							135.0	0.0	0.0	1086.0	0.0	0.0	0.0	2	vertical	1
115.863181	8.0	3.0	80.0	-48.0	61820.8	1170.0	40.0	2.0	0.0	1302.0	2.0	3299.0	0.0	2	vertical	1
115.963954							36.0	0.0	0.0	1173.0	0.0	0.0	0.0	2	vertical	1
116.064939							27.0	0.0	0.0	1211.0	0.0	0.0	0.0	2	vertical	1
116.165064							27.0	0.0	0.0	1166.0	0.0	0.0	0.0	2	vertical	1
116.265271							43.0	0.0	0.0	1157.0	0.0	0.0	0.0	2	vertical	1
116.365646							43.0	0.0	0.0	1170.0	0.0	0.0	0.0	2	vertical	1
116.466871	8.0	3.0	80.0	-48.0	31079.3	1170.0	37.0	1.0	0.0	1175.0	1.0	2563.0	0.0	2	vertical	1
116.567493							36.0	0.0	0.0	1170.0	0.0	0.0	0.0	2	vertical	1
116.668101							11.0	0.0	0.0	1268.0	0.0	0.0	0.0	2	vertical	1
116.769869	8.0	3.0	44.4444	-45.4444	278338.0	610.0	16.0	9.0	0.0	1201.0	6.0	4198.0	0.0	2	vertical	1
116.869962	8.0	3.0	40.0	-45.0	157154.0	540.0	20.0	5.0	0.0	1240.0	4.0	798.0	0.0	2	vertical	1
116.970420	9.0	3.0	80.0	-48.0	31436.0	1300.0	46.0	1.0	0.0	1181.0	1.0	1961.0	0.0	2	vertical	1
117.071004							117.0	0.0	0.0	1055.0	0.0	0.0	0.0	2	vertical	1
117.171131							127.0	0.0	0.0	1009.0	0.0	0.0	0.0	2	vertical	1
117.271180	8.0	3.0	40.0	-45.0	377454.0	540.0	47.0	12.0	2.0	1189.0	4.0	2438.0	0.0	2	vertical	1
117.371798	8.0	3.0	40.0	-46.0	406587.0	540.0	35.0	13.0	0.0	1191.0	5.0	1152.0	0.0	2	vertical	1
117.472369							73.0	0.0	0.0	1130.0	0.0	0.0	0.0	2	vertical	1
117.573384							36.0	0.0	0.0	1134.0	0.0	0.0	0.0	2	vertical	1
117.673619							87.0	0.0	0.0	1192.0	0.0	0.0	0.0	2	vertical	1
117.774760							90.0	0.0	0.0	1154.0	0.0	0.0	0.0	2	vertical	1
117.874805							61.0	0.0	0.0	1083.0	0.0	0.0	0.0	2	vertical	1
117.975272							17.0	0.0	0.0	1140.0	0.0	0.0	0.0	2	vertical	1
118.077654							41.0	0.0	0.0	1242.0	0.0	0.0	0.0	2	vertical	1
118.179864	8.0	3.0	40.0	-45.0	215576.0	540.0	116.0	7.0	0.0	1074.0	7.0	5460.0	0.0	2	vertical	1
118.280756							39.0	0.0	0.0	1182.0	0.0	0.0	0.0	2	vertical	1
118.382486							16.0	0.0	0.0	1197.0	0.0	0.0	0.0	2	vertical	1
118.483651							49.0	0.0	0.0	1174.0	0.0	0.0	0.0	2	vertical	1
118.584288							51.0	0.0	0.0	1170.0	0.0	0.0	0.0	2	vertical	1
118.684809							39.0	0.0	0.0	1197.0	0.0	0.0	0.0	2	vertical	1
118.785097							16.0	0.0	0.0	1236.0	0.0	0.0	0.0	2	vertical	1
118.885845							32.0	0.0	0.0	1220.0	0.0	0.0	0.0	2	vertical	1
118.986523							80.0	0.0	0.0	1082.0	0.0	0.0	0.0	2	vertical	1
119.087858							35.0	0.0	0.0	1199.0	0.0	0.0	0.0	2	vertical	1
119.188563							16.0	0.0	0.0	1194.0	0.0	0.0	0.0	2	vertical	1
119.288861							20.0	0.0	0.0	1175.0	0.0	0.0	0.0	2	vertical	1
119.389387	8.0	3.0	40.0	-45.0	31295.3	540.0	11.0	1.0	0.0	1233.0	1.0	2272.0	0.0	2	vertical	1
119.489767	8.0	3.0	40.0	-45.0	313529.0	540.0	89.0	10.0	10.0	1152.0	0.0	0.0	0.0	2	vertical	1
119.590571	8.0	3.0	80.0	-48.0	31209.0	1170.0	39.0	1.0	0.0	1176.0	1.0	3902.0	0.0	2	vertical	1
119.691725							34.0	0.0	0.0	1222.0	0.0	0.0	0.0	2	vertical	1
119.791785	8.0	3.0	40.0	-45.0	471736.0	540.0	83.0	15.0	0.0	1084.0	4.0	133.0	0.0	2	vertical	1
119.892193	7.0	3.0	80.0	-47.6854	13290100.0	975.0	22.0	426.0	31.0	1148.0	194.0	54457.0	0.0	2	vertical	1
119.993010	7.0	3.0	80.0	-47.2088	2825120.0	975.0	6.0	91.0	2.0	1268.0	42.0	8301.0	0.0	2	vertical	1
120.094575							46.0	0.0	0.0	1189.0	0.0	0.0	0.0	2	vertical	1
120.195235	9.0	3.0	80.0	-48.0	31253.8	1300.0	44.0	1.0	0.0	1134.0	1.0	1659.0	0.0	2	vertical	1
120.298343							113.0	0.0	0.0	1100.0	0.0	0.0	0.0	2	vertical	1
120.398666							17.0	0.0	0.0	1245.0	0.0	0.0	0.0	2	vertical	1
120.498712							69.0	0.0	0.0	1100.0	0.0	0.0	0.0	2	vertical	1
120.600374							59.0	0.0	0.0	1259.0	0.0	0.0	0.0	2	vertical	1
120.702101	8.0	3.0	40.0	-46.0	294259.0	540.0	82.0	10.0	1.0	1155.0	4.0	2503.0	0.0	2	vertical	1
120.803255							41.0	0.0	0.0	1130.0	0.0	0.0	0.0	2	vertical	1
120.903269							22.0	0.0	0.0	1224.0	0.0	0.0	0.0	2	vertical	1
121.004068							71.0	0.0	0.0	1126.0	0.0	0.0	0.0	2	vertical	1
121.105808							5.0	0.0	0.0	1263.0	0.0	0.0	0.0	2	vertical	1
121.206960	8.0	3.0	80.0	-48.5	62322.4	1170.0	23.0	2.0	0.0	1233.0	2.0	1972.0	0.0	2	vertical	1
121.307856	8.0	3.0	80.0	-48.0	31299.4	1170.0	23.0	1.0	0.0	1199.0	1.0	890.0	0.0	2	vertical	1
121.408929							66.0	0.0	0.0	1150.0	0.0	0.0	0.0	2	vertical	1
121.510031							30.0	0.0	0.0	1204.0	0.0	0.0	0.0	2	vertical	1
121.610194							17.0	0.0	0.0	1183.0	0.0	0.0	0.0	2	vertical	1
121.711142							34.0	0.0	0.0	1242.0	0.0	0.0	0.0	2	vertical	1
121.811660							15.0	0.0	0.0	1196.0	0.0	0.0	0.0	2	vertical	1
121.912563	8.0	3.0	80.0	-48.0	31297.2	1170.0	8.0	1.0	0.0	1213.0	1.0	2799.0	0.0	2	vertical	1
122.013550							13.0	0.0	0.0	1137.0	0.0	0.0	0.0	2	vertical	1
122.113607							5.0	0.0	0.0	1239.0	0.0	0.0	0.0	2	vertical	1
122.213717	9.0	3.0	80.0	-48.0	31425.3	1300.0	47.0	1.0	0.0	1216.0	1.0	1022.0	0.0	2	vertical	1
122.315243							43.0	0.0	0.0	1151.0	0.0	0.0	0.0	2	vertical	1
122.416242							93.0	0.0	0.0	1145.0	0.0	0.0	0.0	2	vertical	1
122.517443							12.0	0.0	0.0	1242.0	0.0	0.0	0.0	2	vertical	1
122.619331							15.0	0.0	0.0	1269.0	0.0	0.0	0.0	2	vertical	1
122.720072							62.0	0.0	0.0	1215.0	0.0	0.0	0.0	2	vertical	1
122.821554							16.0	0.0	0.0	1200.0	0.0	0.0	0.0	2	vertical	1
122.921641							48.0	0.0	0.0	1197.0	0.0	0.0	0.0	2	vertical	1
123.024252	8.0	3.0	80.0	-49.0	61436.0	1170.0	34.0	2.0	0.0	1260.0	2.0	1173.0	0.0	2	vertical	1
123.124672							39.0	0.0	0.0	1147.0	0.0	0.0	0.0	2	vertical	1
123.225174							49.0	0.0	0.0	1177.0	0.0	0.0	0.0	2	vertical	1
123.325250	9.0	3.0	40.0	-45.0	31436.2	600.0	38.0	1.0	0.0	1195.0	1.0	3565.0	0.0	2	vertical	1
123.425700	8.0	3.0	80.0	-49.0	31319.0	1170.0	39.0	1.0	0.0	1193.0	1.0	3923.0	0.0	2	vertical	1
123.526034							19.0	0.0	0.0	1221.0	0.0	0.0	0.0	2	vertical	1
123.628307							36.0	0.0	0.0	1186.0	0.0	0.0	0.0	2	vertical	1
123.728538	9.0	3.0	40.0	-46.0	31387.3	600.0	60.0	1.0	0.0	1181.0	1.0	1030.0	0.0	2	vertical	1
123.829653	8.0	3.0	80.0	-49.0	31113.3	1170.0	83.0	1.0	0.0	1148.0	1.0	348.0	0.0	2	vertical	1
123.930095							36.0	0.0	0.0	1194.0	0.0	0.0	0.0	2	vertical	1
124.030772	8.0	3.0	43.0769	-45.3077	406469.0	588.462	20.0	13.0	0.0	1174.0	8.0	2975.0	0.0	2	vertical	1
124.131699	8.0	3.0	40.0	-46.0	249368.0	540.0	8.0	8.0	8.0	1216.0	0.0	0.0	0.0	2	vertical	1
124.233899							13.0	0.0	0.0	1184.0	0.0	0.0	0.0	2	vertical	1
124.334213							12.0	0.0	0.0	1211.0	0.0	0.0	0.0	2	vertical	1
124.434653	8.0	3.0	80.0	-48.0	31441.5	1170.0	59.0	1.0	0.0	1178.0	1.0	2947.0	0.0	2	vertical	1
124.535177							12.0	0.0	0.0	1213.0	0.0	0.0	0.0	2	vertical	1
124.636813							49.0	0.0	0.0	1171.0	0.0	0.0	0.0	2	vertical	1
124.736913							31.0	0.0	0.0	1184.0	0.0	0.0	0.0	2	vertical	1
124.837775							42.0	0.0	0.0	1150.0	0.0	0.0	0.0	2	vertical	1
124.940435	8.0	3.0	60.0	-46.5	61406.4	855.0	76.0	2.0	0.0	1143.0	2.0	2786.0	0.0	2	vertical	1
125.042517							21.0	0.0	0.0	1265.0	0.0	0.0	0.0	2	vertical	1
125.143069	8.0	3.0	40.0	-45.0	31287.4	540.0	27.0	1.0	1.0	1194.0	0.0	0.0	0.0	2	vertical	1
125.244089							33.0	0.0	0.0	1202.0	0.0	0.0	0.0	2	vertical	1
125.345871	8.0	3.0	80.0	-49.0	30909.2	1170.0	28.0	1.0	0.0	1218.0	1.0	1112.0	0.0	2	vertical	1
125.446265	8.0	3.0	80.0	-48.0	31336.4	1170.0	43.0	1.0	0.0	1236.0	1.0	627.0	0.0	2	vertical	1
125.546760							23.0	0.0	0.0	1221.0	0.0	0.0	0.0	2	vertical	1
125.648430							10.0	0.0	0.0	1257.0	0.0	0.0	0.0	2	vertical	1
125.749133							16.0	0.0	0.0	1203.0	0.0	0.0	0.0	2	vertical	1
125.849482	8.0	3.0	80.0	-49.0	31350.6	1170.0	27.0	1.0	0.0	1242.0	1.0	1953.0	0.0	2	vertical	1
125.949784	8.0	3.0	80.0	-48.0	31485.0	1170.0	11.0	1.0	0.0	1232.0	1.0	583.0	0.0	2	vertical	1
126.049971							11.0	0.0	0.0	1216.0	0.0	0.0	0.0	2	vertical	1
126.151276							28.0	0.0	0.0	1234.0	0.0	0.0	0.0	2	vertical	1
126.252221							61.0	0.0	0.0	1226.0	0.0	0.0	0.0	2	vertical	1
126.353148	8.0	3.0	48.0	-45.6	155974.0	666.0	22.0	5.0	0.0	1221.0	3.0	1437.0	0.0	2	vertical	1
126.454901							21.0	0.0	0.0	1257.0	0.0	0.0	0.0	2	vertical	1
126.555267	8.0	3.0	40.0	-45.0	94036.1	540.0	50.0	3.0	0.0	1173.0	1.0	1577.0	0.0	2	vertical	1
126.656985	8.5	3.0	60.0	-46.5	61857.2	885.0	40.0	2.0	2.0	1240.0	0.0	0.0	0.0	2	vertical	1
126.757352	8.0	3.0	80.0	-49.0	31344.8	1170.0	11.0	1.0	0.0	1246.0	1.0	3956.0	0.0	2	vertical	1
126.901316							8.0	0.0	0.0	1176.0	0.0	0.0	0.0	2	vertical	1
127.094328							0.0	0.0	0.0	3.0	0.0	0.0	0.0	2	vertical	1
130.540333							0.0	0.0	0.0	0.0	0.0	0.0	0.0	2	vertical	1
130.640604							0.0	0.0	0.0	1.0	0.0	0.0	0.0	2	vertical	1
##	77843.0	4431.0	17.567818											2	vertical	1
